Workbook

Sheet Read me first 
B1: CSCF Assessment template instructions - Mandatory controls - Version 2025
B2: PURPOSE
B3: This template is provided for convenience; SWIFT recommends that independent assessors, involved in the assessment of the Customer Security Controls Framework (CSCF) controls implementation for a SWIFT user, use it to document the assessment results. This workbook provides guidelines that apply only the CSCF v2025 mandatory controls; a separate file is available for assessing CSCF advisory controls. The changes in comparison with v2024 are highlighted in bold.
B4: INSTRUCTIONS
B5: 1 | C5: Important note: User data contained within this assessment workbook is considered sensitive and must not be disclosed to any party without express written consent from the SWIFT user.
B6: 2 | C6: Assessors should use a risk based approach to assess the user’s compliance with the CSP control; i.e. assess the security goal, regardless of the implementation method used (be it the suggested guidelines or alternatives). As such, to comply with a CSP security control, users must implement a solution that: (i) Meets the stated control objective, (ii) Addresses the risks and (iii) Covers the documented in-scope components relevant for the user’s architecture. The control statement is a suggested means to fulfil the control objective and the implementation guidelines are common methods for implementing the control. Even if guidelines can be a good way to start an assessment, the implementation guidance section of each control in the CSCF should never be considered as an "audit checklist" as each user’s implementation may vary. Therefore, in the case that some implementation guidelines elements are not present or partially covered, mitigations as well as particular environment specificities have to be taken into account to properly assess the overall compliance adherence level (again, as per the suggested guidelines or as per alternatives).
B7: 3 | C7: SWIFT highly recommends that users also include the CSCF advisory controls in the independent assessment; some of the advisory may be turned mandatory in the next version of the CSCF
B8: 4 | C8: Begin the assessment process by thoroughly reviewing the Customer Security Controls Framework (CSCF), assessment templates, and all other SWIFT-provided assessment guidance. Access to documentation through your swift.com user account (your company being registered with SWIFT), or documentation to be provided by the SWIFT user if your company is not registered and you do not have an a swift.Com user account.
C9: Access the Attestation Support page
B10: 5 | C10: Reference the “User Data” tab and populate all applicable cells with the information requested. Note that all individual assessors involved in executing the end-to-end assessment process should be included in the “Assessor Name(s)” field. Additionally, names provided in the “Assessor Name(s)” field should be accompanied by the applicable professional certification(s) held by each individual assessor.
B11: 6 | C11: Depending on the architecture type of the community member in question, complete the following coloured tabs that represent the control data contained within the CSCF. • Architecture A1 and A2 : BLUE + GREEN + RED + YELLOW tabs • Architecture A3: BLUE + GREEN + RED tabs • Architecture A4: BLUE + GREEN tabs • Architecture B: BLUE tabs
B12: 7 | C12: For each applicable tab defined above, review the control objective, in-scope components, risk drivers, control statement, and control context. Assessors should reference the full text of the CSCF document for a full listing of all control and guideline-level details. This guidance applies to the internal or external assessors to assess the existing/implemented controls and their suitability/effectiveness.
B13: 8 | C13: The assessment templates directly correlate to the CSCF and highlight which CSCF controls are applicable to the user’s architecture type. For each applicable control, the relevant template sets out the control objective, any underpinning key principle(s) and SWIFT’s guidance with respect to their implementation. By use of the template, the assessor can then confirm whether those that are applicable to the user are complied with, either via SWIFT’s implementation guidance or, for typically large or complex institutions, via an alternative implementation method. (Specifically, for CSCF control 1.1, the key principle 1.1.C2 may not be applicable). Finally, some CSCF controls although relevant for the user’s SWIFT architecture type may, in rare cases, not be applicable depending upon the user’s specific local infrastructure. In such cases, they should be assessed as 'Not Applicable'. An example of this would be Control 6.2 (Anti-Virus) which, whilst likely to be applicable in most environments would is not likely to be applicable in a Linux environment. - please refer to the KYC-SA baseline for the identification of such controls.
B14: 9 | C14: For each Implementation Guideline in the "Assessments Results" section, indicate whether or not the user has fulfilled the guideline statement using the appropriate drop-down list(s) available at the right side of the worksheet. Note that the only available responses are “yes”, “no”, and “N/A”. Responses marked “N/A” are not detrimental to the overall disposition of any control.
B15: 10 | C15: Support the above-mentioned finding by populating the corresponding cell(s) marked "<Observations & response justification - address all subordinate implementation details as documented in the CSCF>" for each guideline. As noted, assessors should address all subordinate details documented for each Implementation Guideline as provided in the CSCF.
B16: 11 | C16: For each guideline in the "Assessments Results" section, indicate whether or not the user has used an alternative implementation means to fill the control requirement(s) of said guideline. Use the appropriate drop-down list(s) available at the right side of the worksheet. Note that the use of alternative implementation means is not detrimental to the overall conclusion of the control.
B17: 12 | C17: For any control where alternative implementation means were used to fill the control requirement(s), provide a full explanation of the alternative means utilised in the corresponding cells marked "<Alternative guideline implementation approach and details>". Note that the worksheet will grey out these cells for any guidelines that have been addressed using the standard implementation method. Responses provided should be comprehensive and detail how all applicable risks are addressed by the user's custom implementation.
B18: 13 | C18: When the above steps have been completed, the worksheet will automatically mark the control as either "In Place" or "Not in Place" depending on the input provided by the assessor in the "Assessments Results" section. Do not attempt to manually alter any fields that are automatically populated (non-modifiable cells are password protected).
B19: 14 | C19: The workbook will automatically display a summary of the dispositions of all controls in the "Summary" tab.
B20: 15 | C20: When the assessment is complete, assessors should print the completion letter provided in the "Completion Letter" WORD document posted in the same ZIP file as this Excel Sheet, as described in the Independent Assessment Framework (chapter "7.1 Assessment Report and Completion Letter"). Then manually sign the letter, and provide it to the user for whom the assessment was performed.
B21: 16 | C21: When the assessment is complete, assessors must provided the Swift user with an assessment report as described in the Independent Assessment Framework (chapter "7.1 Assessment Report and Completion Letter"). A CSP assessment report template is available on the Swift Knowledge Center.
B22: 17 | C22: Note in case of reliance on conclusion of previous assessment cycle, controls's conclusion that have been relied on previous assessment should be marked as such in the <Observations & response justification> boxes of those controls.(as described in the Independent Assessment Framework, chapter "3.4 Reliance on the Previous Assessment’s Conclusions")

Sheet Revision Record
A1: Date | B1: Change
A2: 43861 | B2: Removed Completion letter tab to make it a standalone word document
A3: 43861 | B3: Inserted a revision record sheet
A4: 43861 | B4: Inserted a clause on each control, before the Implementation guidelines to stress on the risk based approach to be used by assessors
A5: 44029 | B5: Alignment with v2021
A6: 44165 | B6: correction in tab colouring, and A4 inclusion and references to the completion letter
A7: 44257 | B7: Correct 1.1. remove section on internet access - now moved to 1.4
A8: 44312 | B8: Correct summary sheet to deselect 2.1 for A4
A9: 44476 | B9: updated for the CSCF v2022
A10: 44525 | B10: Corrected formulas to show 'Not Applicable' in the sheet Summary for controls that are not applicable for architecture A4
A11: 44609 | B11: Updated the in scope architectures for CTRL 2.10. A4 and B were incorrectly included in the scope.
A12: 44774 | B12: Update with v2023
A13: 45145 | B13: Update with v2024
A14: 45495 | B14: Update with v2025

Sheet User Data
A1: USER BACKGROUND DATA SHEET
A2: Customer Name | B2: ABC Bank UK
A3: BIC
A4: Architecture Type | B4: A4
A5: Assessment Start Date
A6: Assessment End Date
A7: CSCF Version | B7: 2025
A8: Assessor Firm
A9: Lead Assessor Name
A10: Lead Assessor Title
A11: Assessor Name(s)

Sheet Summary
A1: MANDATORY CONTROLS SUMMARY
A2: Control Objective | B2: Title | C2: Architecture Applicability | H2: Implementation Means | I2: Control Disposition
C3: A1 | D3: A2 | E3: A3 | F3: A4 | G3: B
A4: 1.1 | B4: SWIFT Environment Protection | C4: X | D4: X | E4: X | H4: =IF(OR('1.1'!D22="",'1.1'!D26="",'1.1'!D30="",'1.1'!D34="",'1.1'!D38="",'1.1'!D42=""),"TBD",IF(OR('1.1'!D22="Yes",'1.1'!D26="Yes",'1.1'!D30="Yes",'1.1'!D34="Yes",'1.1'!D38="Yes",'1.1'!D42="Yes"),"Alternative","Standard")) -> TBD | I4: ='1.1'!D45 -> Not Applicable
A5: 1.2 | B5: Operating System Privileged Account Control | C5: X | D5: X | E5: X | F5: X | G5: A | H5: =IF('1.2'!D22="","TBD",IF('1.2'!D22="Yes","Alternative","Standard")) -> Standard | I5: ='1.2'!D25 -> In Place
A6: 1.3 | B6: Virtualisation or Cloud Platform Protection | C6: X | D6: X | E6: X | F6: X | G6: A | H6: =IF('1.3'!D25="","TBD",IF('1.3'!D25="Yes","Alternative","Standard")) -> Standard | I6: ='1.3'!D28 -> In Place
A7: 1.4 | B7: Restriction of Internet Access | C7: X | D7: X | E7: X | F7: X | G7: X | H7: =IF('1.4'!D23="","TBD",IF('1.4'!D23="Yes","Alternative","Standard")) -> Standard | I7: ='1.4'!D26 -> In Place
A8: 1.5 | B8: Customer Environment Protection | F8: X | H8: =IF(OR('1.5'!D18="",'1.5'!D22="",'1.5'!D26="",'1.5'!D30="",'1.5'!D34="",'1.5'!D38=""),"TBD",IF(OR('1.5'!D18="Yes",'1.5'!D22="Yes",'1.5'!D26="Yes",'1.5'!D30="Yes",'1.5'!D34="Yes",'1.5'!D38="Yes"),"Alternative","Standard")) -> Standard | I8: ='1.5'!D41 -> In Place
A9: 2.1 | B9: Internal Data Flow Security | C9: X | D9: X | E9: X | H9: =IF('2.1'!D17="","TBD",IF('2.1'!D17="Yes","Alternative","Standard")) -> TBD | I9: ='2.1'!D20 -> Not Applicable
A10: 2.2 | B10: Security Updates | C10: X | D10: X | E10: X | F10: X | G10: X | H10: =IF('2.2'!D21="","TBD",IF('2.2'!D21="Yes","Alternative","Standard")) -> Standard | I10: ='2.2'!D24 -> In Place
A11: 2.3 | B11: System Hardening | C11: X | D11: X | E11: X | F11: X | G11: X | H11: =IF('2.3'!D19="","TBD",IF('2.3'!D19="Yes","Alternative","Standard")) -> Standard | I11: ='2.3'!D22 -> In Place
A12: 2.6 | B12: Operator Session Confidentiality and Integrity | C12: X | D12: X | E12: X | F12: X | G12: X | H12: =IF('2.6'!D25="","TBD",IF('2.6'!D25="Yes","Alternative","Standard")) -> Standard | I12: ='2.6'!D28 -> In Place
A13: 2.7 | B13: Vulnerability Scanning | C13: X | D13: X | E13: X | F13: X | G13: A | H13: =IF('2.7'!D19="","TBD",IF('2.7'!D19="Yes","Alternative","Standard")) -> Standard | I13: ='2.7'!D22 -> In Place
A14: 2.8 | B14: Outsourced Critical Activity Protection | C14: X | D14: X | E14: X | F14: X | G14: X | H14: =IF('2.8'!D16="","TBD",IF('2.8'!D16="Yes","Alternative","Standard")) -> Standard | I14: ='2.8'!D19 -> In Place
A15: 2.9 | B15: Transaction Business Controls | C15: X | D15: X | E15: X | F15: X | G15: X | H15: =IF('2.9'!D14="","TBD",IF('2.9'!D14="Yes","Alternative","Standard")) -> Standard | I15: ='2.9'!D17 -> In Place
A16: 2.10 | B16: Application Hardening | C16: X | D16: X | E16: X | H16: =IF('2.10'!D17="","TBD",IF('2.10'!D17="Yes","Alternative","Standard")) -> TBD | I16: ='2.10'!D20 -> Not Applicable
A17: 3.1 | B17: Physical Security | C17: X | D17: X | E17: X | F17: X | G17: X | H17: =IF('3.1'!D20="","TBD",IF('3.1'!D20="Yes","Alternative","Standard")) -> Standard | I17: ='3.1'!D23 -> In Place
A18: 4.1 | B18: Password Policy | C18: X | D18: X | E18: X | F18: X | G18: X | H18: =IF('4.1'!D22="","TBD",IF('4.1'!D22="Yes","Alternative","Standard")) -> Standard | I18: ='4.1'!D25 -> In Place
A19: 4.2 | B19: Multi-Factor Authentication | C19: X | D19: X | E19: X | F19: X | G19: X | H19: =IF('4.2'!D18="","TBD",IF('4.2'!D18="Yes","Alternative","Standard")) -> Standard | I19: ='4.2'!D21 -> In Place
A20: 5.1 | B20: Logical Access Control | C20: X | D20: X | E20: X | F20: X | G20: X | H20: =IF('5.1'!D23="","TBD",IF('5.1'!D23="Yes","Alternative","Standard")) -> Standard | I20: ='5.1'!D26 -> In Place
A21: 5.2 | B21: Token Management | C21: X | D21: X | E21: X | F21: X | G21: X | H21: =IF('5.2'!D16="","TBD",IF('5.2'!D16="Yes","Alternative","Standard")) -> Standard | I21: ='5.2'!D19 -> In Place
A22: 5.4 | B22: Physical and Logical Password Storage Protection | C22: X | D22: X | E22: X | F22: X | G22: X | H22: =IF('5.4'!D23="","TBD",IF('5.4'!D23="Yes","Alternative","Standard")) -> Standard | I22: ='5.4'!D26 -> In Place
A23: 6.1 | B23: Malware Protection | C23: X | D23: X | E23: X | F23: X | G23: X | H23: =IF('6.1'!D19="","TBD",IF('6.1'!D19="Yes","Alternative","Standard")) -> Standard | I23: ='6.1'!D22 -> In Place
A24: 6.2 | B24: Software Integrity | C24: X | D24: X | E24: X | F24: A | H24: =IF('6.2'!D20="","TBD",IF('6.2'!D20="Yes","Alternative","Standard")) -> TBD
A25: 6.3 | B25: Database Integrity | C25: X | D25: X | F25: A | H25: =IF('6.3'!D13="","TBD",IF('6.3'!D13="Yes","Alternative","Standard")) -> TBD
A26: 6.4 | B26: Logging and Monitoring | C26: X | D26: X | E26: X | F26: X | G26: X | H26: =IF('6.4'!D23="","TBD",IF('6.4'!D23="Yes","Alternative","Standard")) -> Standard | I26: ='6.4'!D26 -> In Place
A27: 7.1 | B27: Cyber Incident Response Planning | C27: X | D27: X | E27: X | F27: X | G27: X | H27: =IF('7.1'!D13="","TBD",IF('7.1'!D13="Yes","Alternative","Standard")) -> Standard | I27: ='7.1'!D16 -> In Place
A28: 7.2 | B28: Security Training and Awareness | C28: X | D28: X | E28: X | F28: X | G28: X | H28: =IF('7.2'!D13="","TBD",IF('7.2'!D13="Yes","Alternative","Standard")) -> Standard | I28: ='7.2'!D16 -> In Place
H30: * Important note : In KYC-SA application, a compliant control (whatever by means of alternative implementation or using the Swift implementation guidelines) will be declared as "I comply as per Control definition"

Sheet 1.1
A1: 1.1 | B1: Swift ENVIRONMENT PROTECTION
A2: CONTROL INFORMATION
A3: CONTROL OBJECTIVE Ensure the protection of the user's Swift infrastructure from potentially compromised elements of the general IT environment and external environment.
A4: IN-SCOPE COMPONENTS | C4: RISK DRIVERS
A5: • Messaging interface | C5: • Compromise of enterprise authentication system
A6: • Communication interface | C6: • Compromise of user credentials
A7: • GUI | C7: • Credential replay
A8: • SwiftNet Link | C8: • Exposure to internet-based attacks
A9: • Hardware Security Module (HSM) | C9: • Unauthorized access
A10: • Swift or customer connector
A11: • [Advisory: customer client connector]
A12: • Jump server
A13: • Dedicated and general-purpose operator PCs
A14: CONTROL STATEMENT A separated secure zone safeguards the user's Swift infrastructure from compromises and attacks on the broader enterprise and external environments.
A15: CONTROL CONTEXT Segmentation between the user's Swift infrastructure and its larger enterprise network reduces the attack surface and has shown to be an effective way to defend against cyber attacks that commonly involve compromise of the general enterprise IT environment. Effective segmentation will include network-level separation, access restrictions, and connectivity restrictions.
A16: ASSESSMENT RESULTS
A17: Implementation Guideline-Level Detail
A18: Assessors should use a risk based approach to assess the user’s compliance with the CSP control; i.e. assess the security goal, regardless of the implementation method used (be it the suggested guidelines or alternatives). As such, to comply with a CSP security control, users must implement a solution that: (i)Meets the stated control objective, (ii) Addresses the risks and (iii) Covers the documented in-scope components relevant for the user’s architecture. The control statement is a suggested mean to fulfil the control objective and the implementation guidelines are common methods for implementing the control. Even if guidelines can be a good way to start an assessment, the implementation guidance section should never be considered as an "audit checklist" as each user’s implementation may vary. Therefore, in the case that some implementation guidelines elements are not present or partially covered, mitigations as well as particular environment specificities have to be taken into account to properly assess the overall compliance adherence level (again, as per the suggested guidelines or as per alternatives).
A19: Guideline
A20: a) | B20: Has the user adequately defined and documented design goals for implementing environment separation?
A21: Overall design goals for implementing environment separation | B21: <Observations & response justification - address all subordinate implementation details as documented in the CSCF>
B22: Has the user employed an alternative implementation approach?
B23: <Alternative guideline implementation approach and details>
A24: b) | B24: Has the user adequately defined and implemented the scope for the secure zone?
A25: Scope of the secure zone | B25: <Observations & response justification - address all subordinate implementation details as documented in the CSCF>
B26: Has the user employed an alternative implementation approach?
B27: <Alternative guideline implementation approach and details>
A28: c) | B28: Has the user adequately implemented boundary protections for the secure zone?
A29: Protection of the secure zone - Boundary protection | B29: <Observations & response justification - address all subordinate implementation details as documented in the CSCF>
B30: Has the user employed an alternative implementation approach?
B31: <Alternative guideline implementation approach and details>
A32: d.1) | B32: Has the user adequately controlled local operator (end user and administrator) access to the secure zone?
A33: Access to the secure zone systems - Local operator access | B33: <Observations & response justification - address all subordinate implementation details as documented in the CSCF>
B34: Has the user employed an alternative implementation approach?
B35: <Alternative guideline implementation approach and details>
A36: d.2) | B36: Has the user adequately controlled remote operator (teleworker, "on-call" staff, remote administrator) access to the secure zone?
A37: Access to the secure zone systems - Remote operator access | B37: <Observations & response justification - address all subordinate implementation details as documented in the CSCF>
B38: Has the user employed an alternative implementation approach?
B39: <Alternative guideline implementation approach and details>
A40: e) | B40: Has the user adequately separated the secure zone from general enterprise IT services? | D40: N/A
A41: Separation from general enterprise IT services | B41: <Observations & response justification - address all subordinate implementation details as documented in the CSCF>
B42: Has the user employed an alternative implementation approach?
B43: <Alternative guideline implementation approach and details>
A44: Summary
A45: Overall Control Disposition | D45: =IF(OR('User Data'!B4="B",'User Data'!B4="A4"),"Not Applicable",IF(OR(D20="",D24="",D28="",D32="",D36="",D40=""),"TBD",IF(AND(OR(D20="Yes",D20="N/A"),OR(D24="Yes",D24="N/A"),OR(D28="Yes",D28="N/A"),OR(D32="Yes",D32="N/A"),OR(D36="Yes",D36="N/A"),OR(D40="Yes",D40="N/A")),"In Place","Not in Place"))) -> Not Applicable
A46: Recommendations
A47: <Recommendations for security enhancements / improvements>

Sheet 1.2
A1: 1.2 (Advisory for B) | B1: OPERATING SYSTEM PRIVILEGED ACCOUNT CONTROL
A2: CONTROL INFORMATION
A3: CONTROL OBJECTIVE Restrict and control the allocation and usage of administrator-level operating system accounts.
A4: IN-SCOPE COMPONENTS | C4: RISK DRIVERS
A5: Administrator-level accounts defined on the following components: | C5: • Deletion of logs and forensic evidence
A6: • Systems or virtual machines (VMs) hosting a Swift-related component (including interface, GUI, Swift or customer connector, jump server) | C6: • Excess privilege or access
A7: • [Advisory: systems or VMs hosting a customer client connector]
A8: • dedicated operator PCs | C8: • Lack of traceability
A9: • network devices protecting the secure zone | C9: • Unauthorized system changes
A10: • on-premises or remote (that is hosted and/or operated by a third party) virtualisation or cloud platform that hosts Swift-related VM’s | C10: • HSM management misused
A11: • New HSM
A12: • [Advisory: customer client connector]
A13: • [Advisory: bridging servers (such as middleware or file transfer servers other than customer connectors) used for and guardian of the secure data exchange between back-office and Swift-related components]
A14: • [Advisory: General-purpose operator PC]
A15: CONTROL STATEMENT Access to administrator-level operating system accounts is restricted to the maximum extent possible. Usage is controlled, monitored, and only permitted for relevant activities such as software installation and configuration, maintenance, and emergency activities. At all other times, an account with least privilege access is used.
A16: CONTROL CONTEXT Tightly protecting administrator-level accounts within the operating system reduces the opportunity for an attacker to use the privileges of the account as part of an attack (for example, executing commands, deleting evidence).
A17: ASSESSMENT RESULTS
A18: Implementation Guideline-Level Detail
A19: Assessors should use a risk based approach to assess the user’s compliance with the CSP control; i.e. assess the security goal, regardless of the implementation method used (be it the suggested guidelines or alternatives). As such, to comply with a CSP security control, users must implement a solution that: (i)Meets the stated control objective, (ii) Addresses the risks and (iii) Covers the documented in-scope components relevant for the user’s architecture. The control statement is a suggested mean to fulfil the control objective and the implementation guidelines are common methods for implementing the control. Even if guidelines can be a good way to start an assessment, the implementation guidance section should never be considered as an "audit checklist" as each user’s implementation may vary. Therefore, in the case that some implementation guidelines elements are not present or partially covered, mitigations as well as particular environment specificities have to be taken into account to properly assess the overall compliance adherence level (again, as per the suggested guidelines or as per alternatives).
A20: Guideline | B20: Has the user adequately restricted and controlled the allocation and usage of administrator-level operating system accounts? | D20: Yes
B21: <Observations & response justification - address all subordinate implementation details as documented in the CSCF> ABCUK's IT admin level operating system accounts are restricted through Server Manager (refer to evidence Swift Admin tab in evidence 1 and 3. Swift SFTP Connector) Active Directory. NPS Security Group properties and network policy server setting were defined through RADIUS client and server. Management confirmed that "root" account is only used in circumstances where sudo or other privileged accounts cannot be used and followed a break-glass procedure. All activities performed using admin accounts are logged through a central logging and monitoring tool, refer to control 6.4 for further details. Access to admin passwords required a change ticket that was requested and approved by two different users (refer to evidence CH-468 IT Hlpdesk - Change Request.pdf).
B22: Has the user employed an alternative implementation approach? | D22: No
B23: <Alternative guideline implementation approach and details>
A24: Summary
A25: Overall Control Disposition | D25: =IF('User Data'!B4="B","Not Applicable",IF(D20="","TBD",IF(OR(D20="Yes",D20="N/A"),"In Place","Not in Place"))) -> In Place
A26: Recommendations
A27: <Recommendations for security enhancements / improvements>

Sheet 1.3
A1: 1.3 (Advisory for B) | B1: VIRTUALISATION OR CLOUD PLATFORM PROTECTION
A2: CONTROL INFORMATION
A3: CONTROL OBJECTIVE Secure the virtualisation or cloud platform and virtual machines (VMs) that host Swift-related components to the same level as physical systems
A4: IN-SCOPE COMPONENTS | C4: RISK DRIVERS
A5: On-premises or remote (that is hosted or operated by a third party, such a a cloud provider, or both) virtualisation or cloud platform and VM's used to host any of the below Swift related components: | C5: • Unauthorised access
A6: • Messaging interface | C6: • Uncontrolled proliferation of systems and data
A7: • Communication interface
A8: • GUI
A9: • SwiftNet Link
A10: • Swift and Customer connector
A11: • [Advisory: customer client connector]
A12: • Jump Server
A13: • Dedicated and general-purpose operator PCs (when using virtual desktops)
A14: • Firewalls
A15: • [Advisory: bridging servers (such as middleware or file transfer servers other than customer connectors) used for and guardian of the secure data exchange between back-office and Swift-related components]
A16: • Alliance Connect Virtual VPN instance
A17: Note: This requirement is not applicable when there is no on-premises and remote virtualisation or cloud platform and no VMs used to host the referred in-scope components. Note: It is reminded that containerised applications have to be considered as co-hosted on the same system that hosts the container itself.
A18: CONTROL STATEMENT Secure virtualisation or cloud platform, virtualised machines and supporting virtual infrastructure (such as e.g. firewalls) to the same level as physical systems.
... A22: Assessors should use a risk based approach to assess the user’s compliance with the CSP control; i.e. assess the security goal, regardless of the implementation method used (be it the suggested guidelines or alternatives). As such, to comply with a CSP security control, users must implement a solution that: (i)Meets the stated control objective, (ii) Addresses the risks and (iii) Covers the documented in-scope components relevant for the user’s architecture. The control statement is a suggested mean to fulfil the control objective and the implementation guidelines are common methods for implementing the control. Even if guidelines can be a good way to start an assessment, the implementation guidance section should never be considered as an "audit checklist" as each user’s implementation may vary. Therefore, in the case that some implementation guidelines elements are not present or partially covered, mitigations as well as particular environment specificities have to be taken into account to properly assess the overall compliance adherence level (again, as per the suggested guidelines or as per alternatives).
A23: Guideline | B23: Has the user adequately secured virtualisation platforms and virtual machines (VM’s) hosting Swift related components to the same level as physical systems? | D23: Yes
B24: <Observations & response justification - address all subordinate implementation details as documented in the CSCF> Architecture diagram (evidence ABCUK - Network Diagram v2.3) was reviewed and it was noted that a segregated environment is implemented for the server hosting SFTP connection that connects to Service Bureau (Service Bureau). ABCUK's Swift in-scope virtual servers are managed using vShphere Client (refer to evidence tab 1.3 of Screenshot 1.3 1.4 1.5 4.2.xls) and are integrated with Active Directory for password policy enforcement. VM are protected through switches and firewalls (SONICWWALL). The evidence also demonstrated that ABC bank has implemented Multi-Factor authencation for accessing Citirx Workspace environment. VMware ESXi servers are managed by third party as Infrastructure as a Software (IaaS). Pentest report evidence Penetration_Test_ABC Bank (UK) Limited_Internal Infrastructure_2024-11-21.pdf was reviewed and it was noted that vulnerabilities against VMware ESXi 7.0 / 8.0 were identified. Evidence Vulnerabilities Tracking 2024.xlsx demonstrates that Critical and High vulnerabilities were tracked and resolved. Vulnerability management and patch management tools are deployed for monitoring and continous scanning of the ABCUK estate. Logging and monitoring of Swift in-scope infrastructure is configured to send alerts to Centrify, a group level tool.
B25: Has the user employed an alternative implementation approach? | D25: No
B26: <Alternative guideline implementation approach and details>
A27: Summary
A28: Overall Control Disposition | D28: =IF('User Data'!B4="B","Not Applicable",IF(D23="","TBD",IF(OR(D23="Yes",D23="N/A"),"In Place","Not in Place"))) -> In Place
A29: Recommendations
A30: <Recommendations for security enhancements / improvements>

Sheet 1.4
A1: 1.4 | B1: RESTRICTION OF INTERNET ACCESS
A2: CONTROL INFORMATION
A3: CONTROL OBJECTIVE Control/Protect Internet access from operator PCs and systems within the secure zone
A4: IN-SCOPE COMPONENTS | C4: RISK DRIVERS
A5: • Dedicated and general-purpose operator PCs | C5: • Exposure to internet-based attacks
A6: • Jump Server
A7: • Messaging interface
A8: • Communication interface
A9: • GUI
A10: • SwiftNet Link
A11: • Swift and customer connector
A12: • [Advisory: customer client connector]
A13: • New HSM
A14: • [Advisory: bridging servers (such as middleware or file transfer servers other than customer connectors) used for and guardian of the secure data exchange between back-office and Swift-related components]
A15: • [Advisory: on-premises or remote (that is hosted and/or operated by a third party) virtualisation or cloud platform and their management PCs]
A16: CONTROL STATEMENT All general-purpose and dedicated operator PCs as well as systems within the secure zone have controlled direct internet access in line with business
A17: CONTROL CONTEXT Direct access to the Internet raises exposure to internet-based attacks. Risk is even higher in case of human interactions (browsing, e-mails, or other social network activities being permitted). Once compromised, those systems can be an entry point that allows lateral movements or injection of command and control elements (or a combination of both). If reducing the attack surface and vulnerabilities of those systems (as per the relevant controls identified in this document) is primordial, then limiting and controlling direct Internet accesses is crucial. On top of (general) operator PCs that connect Swift-related services or applications offered by outsourcing agents,Swift (in the case of Alliance Lite2 or Alliance Cloud) or Swift connectivity providers, due diligence must be taken to secure (general) operator PCs used to access on-premises interfaces or GUIs. Insecurely combining access to the “production environment” and the Internet could be abused by attackers.
... A20: Assessors should use a risk based approach to assess the user’s compliance with the CSP control; i.e. assess the security goal, regardless of the implementation method used (be it the suggested guidelines or alternatives). As such, to comply with a CSP security control, users must implement a solution that: (i)Meets the stated control objective, (ii) Addresses the risks and (iii) Covers the documented in-scope components relevant for the user’s architecture. The control statement is a suggested mean to fulfil the control objective and the implementation guidelines are common methods for implementing the control. Even if guidelines can be a good way to start an assessment, the implementation guidance section should never be considered as an "audit checklist" as each user’s implementation may vary. Therefore, in the case that some implementation guidelines elements are not present or partially covered, mitigations as well as particular environment specificities have to be taken into account to properly assess the overall compliance adherence level (again, as per the suggested guidelines or as per alternatives).
A21: Guideline | B21: Has the user adequately restricted internet access from the secure zone and from general-purpose operator PCs (and from other components like middleware servers or the virtualisation platform - Advisory) in line with the business needs? | D21: Yes
B22: <Observations & response justification - address all subordinate implementation details as documented in the CSCF> Internet access is restricted on servers hosting SFTP connection to service bureau for Swift connectivity. Screenshot evidence (refer to tab 1.4, Screenshot 1.3, 1.4, 1.5, 4.2) demonstrated that internet access cannot be established to google.com from ABCUKDC2-AR01 server and all packets were lost showing 100% loss. Internet access is controlled on the general operator PCs which is achieved through whitelisted IP/ URL destination using proxy content inspection. Barracuda proxy is used to impelent whitelisting and blacklisting using TLS 1.3 and AES_128_GCM encryption is in use for accessing the interfaces.
B23: Has the user employed an alternative implementation approach? | D23: No
B24: <Alternative guideline implementation approach and details>
A25: Summary
A26: Overall Control Disposition | D26: =IF(D21="","TBD",IF(OR(D21="Yes",D21="N/A"),"In Place","Not in Place")) -> In Place
A27: Recommendations
A28: <Recommendations for security enhancements / improvements>

Sheet 1.5
A1: 1.5 | B1: CUSTOMER ENVIRONMENT PROTECTION
A2: CONTROL INFORMATION
A3: CONTROL OBJECTIVE Ensure the protection of the customer’s connectivity infrastructure from external environment and potentially compromised elements of the general IT environment.
A4: IN-SCOPE COMPONENTS | C4: RISK DRIVERS
A5: • Customer connector | C5: • Compromise of enterprise authentication system
A6: • Dedicated and general-purpose operator PCs | C6: • Compromise of user credentials
A7: • Jump server | C7: • Credential replay
A8: • HSM when used with customer connector | C8: • Exposure to internet-based attacks
A9: • [Advisory: customer client connector] | C9: • Unauthorized access
A10: CONTROL STATEMENT A separated secure zone safeguards the customer's infrastructure used for external connectivity from external environments and compromises or attacks on the broader enterprise environment.
A11: CONTROL CONTEXT Segmentation between the customer's connectivity infrastructure and its larger enterprise network reduces the attack surface and has shown to be an effective way to defend against cyber attacks that commonly involve compromise of the general enterprise IT environment. Effective segmentation will include network-level separation, access restrictions, and connectivity restrictions.
A12: ASSESSMENT RESULTS
A13: Implementation Guideline-Level Detail
A14: Assessors should use a risk based approach to assess the user’s compliance with the CSP control; i.e. assess the security goal, regardless of the implementation method used (be it the suggested guidelines or alternatives). As such, to comply with a CSP security control, users must implement a solution that: (i)Meets the stated control objective, (ii) Addresses the risks and (iii) Covers the documented in-scope components relevant for the user’s architecture. The control statement is a suggested mean to fulfil the control objective and the implementation guidelines are common methods for implementing the control. Even if guidelines can be a good way to start an assessment, the implementation guidance section should never be considered as an "audit checklist" as each user’s implementation may vary. Therefore, in the case that some implementation guidelines elements are not present or partially covered, mitigations as well as particular environment specificities have to be taken into account to properly assess the overall compliance adherence level (again, as per the suggested guidelines or as per alternatives).
A15: Guideline
A16: a) | B16: Has the user adequately defined and documented design goals for implementing environment separation? | D16: Yes
A17: Overall design goals for implementing environment separation | B17: <Observations & response justification - address all subordinate implementation details as documented in the CSCF> A Network Configuration Policy is defined by ABCUK's which was last reviewed in August 2025. The policy states that "Networks will be segregated to prevent access overlap and to minimise the impact of any threat to the network". Through inspection of the network diagram it was noted that the Windows server used for hosting SFTP connection that processes traffic to the service bureau is isolated through network level segregation. Architecture diagram (evidence ABCUK - Network Diagram v2.3) was reviewed which demonstrated that a segregated environment is implemented for the server hosting SFTP connection that connects to Service Bureau (Service Bureau). Dedicated firewalls provide logical seperation for the Swift secrue zone so that there is no leak from one Active Directory to another. Environment is further separeated through Access Controls List, application firewalls, network swtiches and encryption.
B18: Has the user employed an alternative implementation approach? | D18: No
B19: <Alternative guideline implementation approach and details>
A20: b) | B20: Has the user adequately defined and implemented the scope for the secure zone? | D20: Yes
A21: Scope of the secure zone | B21: <Observations & response justification - address all subordinate implementation details as documented in the CSCF> Swift in-scope components are hosted on a specific server and the zone is secured through segregation using dedicated firewalls to create a logical separation.
B22: Has the user employed an alternative implementation approach? | D22: No
B23: <Alternative guideline implementation approach and details>
A24: c) | B24: Has the user adequately implemented boundary protections for the secure zone? | D24: Yes
A25: Protection of the secure zone - Boundary protection | B25: <Observations & response justification - address all subordinate implementation details as documented in the CSCF> Network level diagram demonstrates network level segregation and presence of firewalls for boundary proectection. Firewalls are configured for protection of the Swift in-scope components. Firewalls rules are setup with "deny all" principle. Firewalls are reviewed on monthly basis and all connections via firewalls are logged and monitored. A firewall review was conducted by an external third party, LRQA, (refer to evidence Firewall Reviews - Technical Report - 05 Nov 2024), the report concluded that there were 0 Critical, 3 high findings that were subsequently remediated.
B26: Has the user employed an alternative implementation approach? | D26: No
B27: <Alternative guideline implementation approach and details>
A28: d.1) | B28: Has the user adequately controlled local operator (end user and administrator) access to the secure zone? | D28: Yes
A29: Access to the secure zone systems - Local operator (end user and administrator) access | B29: <Observations & response justification - address all subordinate implementation details as documented in the CSCF> Access to the secure-zone is restricted to specified administrators further this is controlled through Active Directory that is defined based on Seperation of Duty, need to know and least provilege principle.
B30: Has the user employed an alternative implementation approach? | D30: No
B31: <Alternative guideline implementation approach and details>
A32: d.2) | B32: Has the user adequately controlled remote operator (teleworker, "on-call" staff, remote administrator) access to the secure zone? | D32: Yes
A33: Access to the secure zone systems - Remote operator access | B33: <Observations & response justification - address all subordinate implementation details as documented in the CSCF> Access to the secure-zone using remote access is controlled through VPN encryption.
B34: Has the user employed an alternative implementation approach? | D34: No
B35: <Alternative guideline implementation approach and details>
A36: e) | B36: Has the user adequately separated the secure zone from general enterprise IT services? | D36: Yes
A37: Separation from general enterprise IT services | B37: <Observations & response justification - address all subordinate implementation details as documented in the CSCF> Separation from general enterprise IT services is achieved by hosting Swift in-scope component (SFTP) on dedicated server that is further separated using Active Directory, firewalls and network switches.
B38: Has the user employed an alternative implementation approach? | D38: No
B39: <Alternative guideline implementation approach and details>
A40: Summary
A41: Overall Control Disposition | D41: =IF(OR('User Data'!B1="B",'User Data'!B1="A4"),"Not Applicable",IF(OR(D16="",D20="",D24="",D28="",D32="",D36=""),"TBD",IF(AND(OR(D16="Yes",D16="N/A"),OR(D20="Yes",D20="N/A"),OR(D24="Yes",D24="N/A"),OR(D28="Yes",D28="N/A"),OR(D32="Yes",D32="N/A"),OR(D36="Yes",D36="N/A")),"In Place","Not in Place"))) -> In Place
A42: Recommendations
A43: <Recommendations for security enhancements / improvements>

Sheet 2.1
A1: 2.1 | B1: INTERNAL DATA FLOW SECURITY
A2: CONTROL INFORMATION
A3: CONTROL OBJECTIVE Ensure the confidentiality, integrity, and authenticity of application data flows between user's Swift-related Components.
A4: IN-SCOPE COMPONENTS | C4: RISK DRIVERS
C5: • Loss of sensitive data confidentiality
A6: • On-premises or remote (hosted and/or operated by a third party, or both) user's Swift infrastructure and related components (including new HSM) | C6: • Loss of sensitive data integrity
C7: • Unauthenticated system traffic
C8: • Unauthorised access
A10: CONTROL STATEMENT Confidentiality, integrity, and authentication mechanisms are implemented to protect Swift-related component-to-component or system-to-system data flows.
A11: CONTROL CONTEXT The protection of internal data flows safeguards against unintended disclosure, modification, and access of the data while in transit
A12: ASSESSMENT RESULTS
A13: Implementation Guideline-Level Detail
A14: Assessors should use a risk based approach to assess the user’s compliance with the CSP control; i.e. assess the security goal, regardless of the implementation method used (be it the suggested guidelines or alternatives). As such, to comply with a CSP security control, users must implement a solution that: (i)Meets the stated control objective, (ii) Addresses the risks and (iii) Covers the documented in-scope components relevant for the user’s architecture. The control statement is a suggested mean to fulfil the control objective and the implementation guidelines are common methods for implementing the control. Even if guidelines can be a good way to start an assessment, the implementation guidance section should never be considered as an "audit checklist" as each user’s implementation may vary. Therefore, in the case that some implementation guidelines elements are not present or partially covered, mitigations as well as particular environment specificities have to be taken into account to properly assess the overall compliance adherence level (again, as per the suggested guidelines or as per alternatives).
A15: Guideline | B15: Has the user ensured the confidentiality, integrity, and authenticity of data flows between local Swift-related applications ?
B16: <Observations & response justification - address all subordinate implementation details as documented in the CSCF>
B17: Has the user employed an alternative implementation approach?
B18: <Alternative guideline implementation approach and details>
A19: Summary
A20: Overall Control Disposition | D20: =IF(OR('User Data'!B4="B",'User Data'!B4="A4"),"Not Applicable",IF(D15="","TBD",IF(OR(D15="Yes",D15="N/A"),"In Place","Not in Place"))) -> Not Applicable
A21: Recommendations
A22: <Recommendations for security enhancements / improvements>

Sheet 2.2
A1: 2.2 | B1: SECURITY UPDATES
A2: CONTROL INFORMATION
A3: CONTROL OBJECTIVE Minimize the occurrence of known technical vulnerabilities on operator PCs and within the user's Swift infrastructure by ensuring vendor support, applying mandatory software updates, and applying timely security updates aligned to the assessed risk.
A4: IN-SCOPE COMPONENTS | C4: RISK DRIVERS
A5: Hardware and all software running on the following systems, virtual machine, hosts, servers or devices: | C5: • Exploitation of known security vulnerabilities
A6: • physical systems or virtual machines (VMs) hosting a Swift-related component (including interface, GUI, Swift or customer connector)
A7: [Advisory: customer client connector]
A8: • Dedicated and general-purpose operator PC
A9: • jump server
A10: • On-premises or remote (that is hosted and/or operated by a third party) virtualisation or cloud platform hosting Swift-related VM’s and their management PCs
A11: • network devices protecting the secure zone
A12: • New HSM
A13: • [Advisory: bridging servers (such as middleware or file transfer servers other than customer connectors) used for and guardian of the secure data exchange between back-office and Swift-related components]
A14: CONTROL STATEMENT All hardware and software inside the secure zone and on operator PCs are within the support lifecycle of the vendor, have been upgraded with mandatory software updates, and have had security updates promptly applied.
A15: CONTROL CONTEXT The closure of known security vulnerabilities is effective in reducing the various pathways that an attacker may use during an attack. A security update process that is comprehensive, repeatable and implemented in a timely manner, is necessary to continuously close these known vulnerabilities when security patches are available.
A16: ASSESSMENT RESULTS
A17: Implementation Guideline-Level Detail
A18: Assessors should use a risk based approach to assess the user’s compliance with the CSP control; i.e. assess the security goal, regardless of the implementation method used (be it the suggested guidelines or alternatives). As such, to comply with a CSP security control, users must implement a solution that: (i)Meets the stated control objective, (ii) Addresses the risks and (iii) Covers the documented in-scope components relevant for the user’s architecture. The control statement is a suggested mean to fulfil the control objective and the implementation guidelines are common methods for implementing the control. Even if guidelines can be a good way to start an assessment, the implementation guidance section should never be considered as an "audit checklist" as each user’s implementation may vary. Therefore, in the case that some implementation guidelines elements are not present or partially covered, mitigations as well as particular environment specificities have to be taken into account to properly assess the overall compliance adherence level (again, as per the suggested guidelines or as per alternatives).
A19: Guideline | B19: Has the user minimized the occurrence of known technical vulnerabilities within the local Swift infrastructure by ensuring vendor support, applying mandatory software updates, and applying timely security updates aligned to the assessed risk? | D19: Yes
B20: <Observations & response justification - address all subordinate implementation details as documented in the CSCF> ABCUK has defined Vulnerability Management Policy, Standard and Procedure (evidence ABCUK-POL-ALL-014, ABCUK, STD-ALL-033 and ABCUK-PRC-ALL-015). The Policy was last reviewed in August 2025. Through inspection of evidence provided (refer to evidence 1 and 3 Swift SFTP Connection) it was noted that Swift connection is established through VMware Platform and Cirix servers were used for ABCUK users for remote connectivity. These connections were established through Microsoft Windows Server 2022 (64-bit) servers that are vendor supported till 2026. It was further noted that asset list registered (evidence ABCUK Assets Review 25Q3) was maintained by the organisation and operator laptops and desktop were on vendor supported versions.
B21: Has the user employed an alternative implementation approach? | D21: No
B22: <Alternative guideline implementation approach and details>
A23: Summary
A24: Overall Control Disposition | D24: =IF(D19="","TBD",IF(OR(D19="Yes",D19="N/A"),"In Place","Not in Place")) -> In Place
A25: Recommendations
A26: <Recommendations for security enhancements / improvements>

Sheet 2.3
A1: 2.3 | B1: SYSTEM HARDENING
A2: CONTROL INFORMATION
A3: CONTROL OBJECTIVE Reduce the cyber attack surface of Swift-related components by performing system hardening.
A4: IN-SCOPE COMPONENTS | C4: RISK DRIVERS
A5: • dedicated and general-purpose operator PC | C5: • Excess attack surface
A6: • jump server | C6: • Exploitation of insecure system configuration
A7: • Systems (physical or VMs) hosting a Swift-related component (including interface, GUI, Swift or customer connector)
A8: • [Advisory: customer client connector]
A9: • On-premises or remote (that is hosted and/or operated by a third party) virtualisation or cloud platform (also referred as the hypervisor) hosting Swift-related VM’s and their management PCs
A10: • network devices protecting the secure zone
A11: • [Advisory: bridging servers (such as middleware servers other than customer connectors) used for data exchange between back-office and Swift-related components]
A12: CONTROL STATEMENT Security hardening is conducted on all in-scope components.
A13: CONTROL CONTEXT System hardening applies the security concept of “least privilege” to a system by disabling features and services that are not required for normal system operations. This process reduces the system capabilities, features, and protocols that a malicious person may use during an attack.
A14: ASSESSMENT RESULTS
A15: Implementation Guideline-Level Detail
A16: Assessors should use a risk based approach to assess the user’s compliance with the CSP control; i.e. assess the security goal, regardless of the implementation method used (be it the suggested guidelines or alternatives). As such, to comply with a CSP security control, users must implement a solution that: (i)Meets the stated control objective, (ii) Addresses the risks and (iii) Covers the documented in-scope components relevant for the user’s architecture. The control statement is a suggested mean to fulfil the control objective and the implementation guidelines are common methods for implementing the control. Even if guidelines can be a good way to start an assessment, the implementation guidance section should never be considered as an "audit checklist" as each user’s implementation may vary. Therefore, in the case that some implementation guidelines elements are not present or partially covered, mitigations as well as particular environment specificities have to be taken into account to properly assess the overall compliance adherence level (again, as per the suggested guidelines or as per alternatives).
A17: Guideline | B17: Has the user reduced the cyber attack surface of Swift-related components by performing system hardening? | D17: Yes
B18: <Observations & response justification - address all subordinate implementation details as documented in the CSCF> ABCUK has a defined policy for System Configuration (refer to evidence System Configuration & Maintenance Policy) that was last reviewed in August 2025. This policy states that a configuration baseline to be created for all systems implemented and to be stored in a configuration management repositary or equivalent and that it adheres to industry best practices such as: removal of vendor defaults and default accounts, encryption requirement for addmin access and updating configuration standards based on Vulnerability management procedure etc. . The ISO 27001 certification (evidence Audit Summary Report _The Audit.pdf) was reviewed, it was noted that it demonstrates that Security standards are observed and there were 0 (Zero)/ no major findings. System hardening is held in conjunction with Vulnerability Management, where operating systems are scanned and flaws identified. The output of scans are sent to the system hardening process for optimisation of configuration management. GPOs are used to push updates and configuration changes to OS as and when required. Disabling USB device ports, updating whitelisting and blacklisting policies, screen lockouts amongst others were provided as evidence for this assessment. Active Directory security review was conducted by a third party LRQA ABC Bank (UK) Limited - Active Directory Security Review - October 2024 and it was noted that vulnerabilities identified were resolved as per evidence vulnerability tracking (evidence Vulnerability Tracking 2024.xlsx).
B19: Has the user employed an alternative implementation approach? | D19: No
B20: <Alternative guideline implementation approach and details>
A21: Summary
A22: Overall Control Disposition | D22: =IF(D17="","TBD",IF(OR(D17="Yes",D17="N/A"),"In Place","Not in Place")) -> In Place
A23: Recommendations
A24: <Recommendations for security enhancements / improvements>

Sheet 2.6
A1: 2.6 | B1: OPERATOR SESSION CONFIDENTIALITY AND INTEGRITY
A2: CONTROL INFORMATION
A3: CONTROL OBJECTIVE Protect the confidentiality and integrity of interactive operator sessions that connect to the on-premises or remote (operated by a service provider) Swift infrastructure or to a service provider Swift-related applications.
A4: IN-SCOPE COMPONENTS | C4: RISK DRIVERS
A5: Interactive user, operator or management sessions performed from:
A6: • Dedicated and general-purpose operator PC | C6: • Loss of operational confidentiality
A7: • jump server | C7: • Loss of operational integrity
A8: • Any another intermediate system accessed or used from any of the above to connect to | C8: • Password theft
A9: • Jump server or any other intermediate system accessed or used from any of the above
A10: • systems hosting a Swift-related component (including interface, GUI, Swift and customer connectors)
A11: • network devices protecting the secure zone
A12: • management console of a virtualisation or cloud platform hosting Swift-related components (including Swift and customer connector)
A13: • interface applications, GUI and Swift or customer connector in the secure zone
A14: • [Advisory: customer client connector]
A15: • Swift-related applications at the service provider
A16: • HSM
A17: • [Advisory: bridging servers (such as middleware servers other than customer connectors) used for and guardian of the secure data exchange between back-office and Swift-related components]
A18: CONTROL STATEMENT The confidentiality and integrity of interactive operator sessions that connect to service provider Swift-related applications or into the user's secure zone is safeguarded.
A19: CONTROL CONTEXT Operator sessions, through the jump server when accessing the on-premises or remote (that is hosted or operated by a third party, or both) Swift infrastructure, pose a unique threat because unusual or unexpected activity is more difficult to detect during interactive sessions than it is during application-to-application activity. Therefore, it is important to protect the integrity and confidentiality of these operator sessions to reduce any opportunity for misuse or password theft. When used, access to the virtualisation layer (virtualisation or cloud management console) must be similarly protected.
A20: ASSESSMENT RESULTS
... A22: Assessors should use a risk based approach to assess the user’s compliance with the CSP control; i.e. assess the security goal, regardless of the implementation method used (be it the suggested guidelines or alternatives). As such, to comply with a CSP security control, users must implement a solution that: (i)Meets the stated control objective, (ii) Addresses the risks and (iii) Covers the documented in-scope components relevant for the user’s architecture. The control statement is a suggested mean to fulfil the control objective and the implementation guidelines are common methods for implementing the control. Even if guidelines can be a good way to start an assessment, the implementation guidance section should never be considered as an "audit checklist" as each user’s implementation may vary. Therefore, in the case that some implementation guidelines elements are not present or partially covered, mitigations as well as particular environment specificities have to be taken into account to properly assess the overall compliance adherence level (again, as per the suggested guidelines or as per alternatives).
A23: Guideline | B23: Has the user adequately protected the confidentiality and integrity of interactive operator sessions connecting to the local Swift infrastructure? | D23: Yes
B24: <Observations & response justification - address all subordinate implementation details as documented in the CSCF> ABCUK has defined an Access Control Policy that approved in August 2025, which states that data is required to be protected from unauthorised access to computer, application and operating systems through authentication standards (ABCUK-STD-ALL-008). It was noted that encryption for securing data in motion using TLS 1.3, AES_128_GCM. The traffic between ABCUK and Service Bureau is encrypted and using SSH protocol is used to connect to servers and for integrity verification SHA-384 is used. SWIFT Operators use GUI to access the messaging interface provided by the service bureau. There is no provision of keying in payments directly through the interface these can only be verified and authorised via the GUI. In-activity timeout is lock the screen is configured on ABCUK's devices including in-scope Opeartor PC. The operators are required to enter their credentials to log back into the system GUI timeout is set to 300 seconds.
B25: Has the user employed an alternative implementation approach? | D25: No
B26: <Alternative guideline implementation approach and details>
A27: Summary
A28: Overall Control Disposition | D28: =IF(D23="","TBD",IF(OR(D23="Yes",D23="N/A"),"In Place","Not in Place")) -> In Place
A29: Recommendations
A30: <Recommendations for security enhancements / improvements>

Sheet 2.7
A1: 2.7 (Advisory for B) | B1: VULNERABILITY SCANNING
A2: CONTROL INFORMATION
A3: CONTROL OBJECTIVE Identify known vulnerabilities within the user's Swift environment by implementing a regular vulnerability scanning process and act upon results.
A4: IN-SCOPE COMPONENTS | C4: RISK DRIVERS
A5: • Jump server | C5: • Exploitation of known security vulnerabilities
A6: • Dedicated operator PC | C6: • Unknown security vulnerabilities or security misconfigurations
A7: • all systems hosting a Swift-related component (including interface, GUI, Swift and customer connectors),
A8: • [Advisory: systems hosting a customer client connector]
A9: • [Advisory: on-premises or remote (that is hosted and/or operated by a third party) virtualisation or cloud platform hosting Swift-related VM’s and their management PCs as per optional enhancement]
A10: • [Advisory: bridging servers (such as middleware or file transfer servers other than customer connector used for data exchange between back-office and Swift-related components]
A11: • [Advisory: general-purpose operator PCs as per the optional enhancement]
A12: CONTROL STATEMENT Secure zone (including dedicated operator PC) systems are scanned for vulnerabilities at OS and application level using an up-to-date, reputable scanning tool and results, reported by the tool, are considered for appropriate resolving actions.
A13: CONTROL CONTEXT The detection of known OS and application vulnerabilities allows vulnerabilities to be analysed, treated, and mitigated. The mitigation of vulnerabilities reduces the number of pathways that a malicious actor can use during an attack. A vulnerability scanning process that is comprehensive, repeatable, and performed in a timely manner is necessary to continuously detect known vulnerabilities and to allow for further action. This control complements the control 2.2 by enabling the identification of vulnerabilities potentially not fixed yet.
A14: ASSESSMENT RESULTS
A15: Implementation Guideline-Level Detail
A16: Assessors should use a risk based approach to assess the user’s compliance with the CSP control; i.e. assess the security goal, regardless of the implementation method used (be it the suggested guidelines or alternatives). As such, to comply with a CSP security control, users must implement a solution that: (i)Meets the stated control objective, (ii) Addresses the risks and (iii) Covers the documented in-scope components relevant for the user’s architecture. The control statement is a suggested mean to fulfil the control objective and the implementation guidelines are common methods for implementing the control. Even if guidelines can be a good way to start an assessment, the implementation guidance section should never be considered as an "audit checklist" as each user’s implementation may vary. Therefore, in the case that some implementation guidelines elements are not present or partially covered, mitigations as well as particular environment specificities have to be taken into account to properly assess the overall compliance adherence level (again, as per the suggested guidelines or as per alternatives).
A17: Guideline | B17: Has the user identified known vulnerabilities within the local Swift environment by implementing a regular vulnerability scanning process and acted upon results? | D17: Yes
B18: <Observations & response justification - address all subordinate implementation details as documented in the CSCF> ABCUK has defined a Vulnerability Management Policy (ABCUK-POL-ALL-014) that was last reviewed in August 2025. The policy states that the process requires identification of vulnerabilities and treatment. Vulnerabilities are reviewed in line with organisations policy and the review is conducted periodically as evidenced with ABCUK's policies in place and VAPT reports. IBM QRadar tool is used for identification and management of vulnerabilities (refer to 10. QRadar Vulnerability Scan screenshot). It was noted from the review of pentest report that an internal infrastructure security testing was undertaken by a third party LRQA, Nettitude, and that the report highlighed a number of vulnerabilities. It was also noted from evidence Vulnerabilities Tracking2024.xlsx that critical and high vulnerabilities were remediated. Third party management policies and procedures are also maintained so that patches can be received from various vendors and be implemented in a timely fashion. Patch management system is deployed that highlights patch status against assets. Vendor patches and updates are installed as per ABCUK's patch management policy and rating communicated by the vendor. Priority patches are analysed, tested and undergo change management procedures (refer to change process evidence 4. Change Management Process Diagram.pdf). All patches are delivered to the PMP (Patch Manager Plus) and are evaluated by ABCUK's personnel identified, as responsible, in the relevant policies such as the Infra team, Cyber Security officer, Head of IT. Patch lifecycle process commences following approval process completion by the responsible personnel at ABCUK.
B19: Has the user employed an alternative implementation approach? | D19: No
B20: <Alternative guideline implementation approach and details>
A21: Summary
A22: Overall Control Disposition | D22: =IF(D17="","TBD",IF(OR(D17="Yes",D17="N/A"),"In Place","Not in Place")) -> In Place
A23: Recommendations
A24: <Recommendations for security enhancements / improvements>

Sheet 2.8
A1: 2.8 | B1: Outsourced Critical Activity Protection
A2: CONTROL INFORMATION
A3: CONTROL OBJECTIVE Ensure protection, in line with the CSCF, of the user's Swift infrastructure from risks exposed by the outsourcing of critical activities.
A4: IN-SCOPE COMPONENTS | C4: RISK DRIVERS
A5: • this organisational control is applicable when critical Swift-related activities are outsourced to a third party or, when relevant as per the notes, to a Swift connectivity provider. Note: This control remains strongly recommended even when the activities being outsourced are not critical. | C5: • Exposure to sub-standard security practices
A6: • as per the “Scope of Security Controls” section, the ‘user’s Swift infrastructure’ encompasses the collection of, on-premises or remote (that is hosted or operated by a third party, or both), Swift_x0002_components managed by or for users by a third party, including applications, authentication services, network devices, tokens and other removable media, and supporting hardware.
A7: Note: • Notes: - Use section “F) Outsourcing” of the “Scope of Security Controls” for proper scoping and expectations from the users engaging with third parties. - This control remains strongly recommended even when the activities being outsourced are not critical.
A9: CONTROL STATEMENT Critical outsourced activities are protected, at a minimum, to the same standard of care as if operated within the originating organisation.
A10: CONTROL CONTEXT When critical activities are outsourced to third parties or Swift connectivity providers acting as Outsourcing Agent, it is essential that at a minimum, the original standard of care for security is maintained (in addition to adherence to this customer security control framework) to make sure that no new weaknesses or vulnerabilities are introduced. The user’s Swift infrastructure may face additional weaknesses or vulnerabilities due to its external exposure (to external resources or services) or its remote nature (when hosted in the cloud or with an external IT provider). Note: • Swift defines, at a minimum, the following activities related to the user’s Swift infrastructure, as critical: − security management and change management of the hardware, including HSM, and software (including applications, operating system, and underlying virtualised platform or infrastructure). − RMA and Business Transaction controls related operations (in support of controls 2.9 and 2.11) − accessing sensitive user data (for example, message content). − monitoring of events that contain sensitive user data. − network management and configuration. − Swift-related transaction operations (for example, creation or modification of a business transaction message within an interface or a connector) − security administration of the users entitlements, their tokens or (private) keys needed to perform Swift related transaction operations − Ancillary services operations when sharing/reusing, for those ancillary services, credentials and roles/entitlements (accounts) used for Swift-related transaction operations. Otherwise, such separated/independent ancillary services accesses are not to be considered as in scope. • External contractors are not always considered as third party resources: − if those external contractors are members of the institution task force as contributors, then they are considered user’s employees − however, if external contractors manage or operate user’s components remotely with their company equipment, as part of a managed service contractual agreement, they are considered as third-party resources.
A11: ASSESSMENT RESULTS
A12: Implementation Guideline-Level Detail
A13: Assessors should use a risk based approach to assess the user’s compliance with the CSP control; i.e. assess the security goal, regardless of the implementation method used (be it the suggested guidelines or alternatives). As such, to comply with a CSP security control, users must implement a solution that: (i)Meets the stated control objective, (ii) Addresses the risks and (iii) Covers the documented in-scope components relevant for the user’s architecture. The control statement is a suggested mean to fulfil the control objective and the implementation guidelines are common methods for implementing the control. Even if guidelines can be a good way to start an assessment, the implementation guidance section should never be considered as an "audit checklist" as each user’s implementation may vary. Therefore, in the case that some implementation guidelines elements are not present or partially covered, mitigations as well as particular environment specificities have to be taken into account to properly assess the overall compliance adherence level (again, as per the suggested guidelines or as per alternatives).
A14: Guideline | B14: Has the user adequately ensured the protection of local Swift infrastructure from risks exposed by the outsourcing of critical activities? | D14: Yes
B15: <Observations & response justification - address all subordinate implementation details as documented in the CSCF> ABCUK has an existing service-level agreement with Third party provider who are providing Infrastructure as a Service (IaaS) for hypervisor management, patching, monitoring and support for VMware/ESXi hosts and that data centres are provided by Colt. The agreement was signed in 2023 and is valid till 2028 and vendor is ISO27001:2022 compliant.
B16: Has the user employed an alternative implementation approach? | D16: No
B17: <Alternative guideline implementation approach and details>
A18: Summary
A19: Overall Control Disposition | D19: =IF(D14="","TBD",IF(OR(D14="Yes",D14="N/A"),"In Place","Not in Place")) -> In Place
A20: Recommendations
A21: <Recommendations for security enhancements / improvements>

Sheet 2.9
A1: 2.9 | B1: TRANSACTION BUSINESS CONTROLS
A2: CONTROL INFORMATION
A3: CONTROL OBJECTIVE Ensure outbound transaction activity within the expected bounds of normal business.
A4: IN-SCOPE COMPONENTS | C4: RISK DRIVERS
A5: •outbound business transactions | C5: • Undetected anomalies or suspicious activity
A6: Note: Outbound business transactions can originate from components such as a GUI, an interface, a connector or an operator PC used to connect to other internal components or to a service provider. Controls are not necessarily performed on those components (in fact, these controls can even be business controls performed outside of the secure zone). Business transaction refers to instructions leading to payment.Reliance on other relevant recent (business) assessment, audit or regulator answers to confirm effectiveness of the control is an option34.
A7: CONTROL STATEMENT Implement transaction detection, prevention or validation controls, or a combination of them to ensure outbound transaction activity within the expected bounds of normal business.
A8: CONTROL CONTEXT Implementing business controls that restrict business transactions to the fullest extent possible reduces the opportunity for the sending (outbound) and, optionally, receiving (inbound) of fraudulent transactions. These restrictions are best determined through an analysis of normal business activity. Parameters can then be set to restrict business to acceptable thresholds based on “normal” activity.
A9: ASSESSMENT RESULTS
A10: Implementation Guideline-Level Detail
A11: Assessors should use a risk based approach to assess the user’s compliance with the CSP control; i.e. assess the security goal, regardless of the implementation method used (be it the suggested guidelines or alternatives). As such, to comply with a CSP security control, users must implement a solution that: (i)Meets the stated control objective, (ii) Addresses the risks and (iii) Covers the documented in-scope components relevant for the user’s architecture. The control statement is a suggested mean to fulfil the control objective and the implementation guidelines are common methods for implementing the control. Even if guidelines can be a good way to start an assessment, the implementation guidance section should never be considered as an "audit checklist" as each user’s implementation may vary. Therefore, in the case that some implementation guidelines elements are not present or partially covered, mitigations as well as particular environment specificities have to be taken into account to properly assess the overall compliance adherence level (again, as per the suggested guidelines or as per alternatives).
A12: Guideline | B12: Has the user restricted transaction activity within the expected bounds of normal business by at least one detective or/and preventive control(s) ? | D12: Yes
B13: <Observations & response justification - address all subordinate implementation details as documented in the CSCF> ABCUK has defined reconciliation procedure is in place for verification and authorisation of payments on SWIFT Gateway and through back office applications refer to evidence Nostro Recon Procedure.pdf. All payments are processed through central operations team and end of day reconciliation is performed for zeroise balances and identifying anomalies refer to evidence MM BLOTTER EOD 1-12-2025.msg. Intraday payments checks are in place and communicated accordingly and anomalies is escalated as per ABCUK's process. ABCUK has designed controls for payments creator, authoriser and verifier through role groups, that are subject to reviews as per control 5, manage identities and segregate privileges. 6 eye approver roles are allocated to senior management members of the organisation at ABCUK. Evidence RE EBAMON USD DEPO ERSTE.msg demonstrates that 6 eye principle is in use for managing payment. Through inquiry with management it was understood that payments follow system embedded rules of four eye principal and specific payments, over £5m threshold, go through 6 eye approval process. This mechanism is for all straight through processed (STP) and manual payments. Payments instructions are communicated to the operations team through back office applications adhering to the procedure and process in place, these instructions then take form of payments. Reconciliation is carried out in Intellimatch system against SWIFT messages and monitored for payments cut-offs, credit checks. Payments are reconciled so that: no amounts are outstanding, including outstanding ledger debits to be dealt with; items match off with zero balance and any differences proposed; explanation on outstanding recs and High value payments to be dealt with immediately. All the relevant departments are notified for any anomalies, who then take appropriate action to resolve issues identified.
B14: Has the user employed an alternative implementation approach? | D14: No
B15: <Alternative guideline implementation approach and details>
A16: Summary
A17: Overall Control Disposition | D17: =IF(D12="","TBD",IF(OR(D12="Yes",D12="N/A"),"In Place","Not in Place")) -> In Place
A18: Recommendations
A19: <Recommendations for security enhancements / improvements>

Sheet 2.10
A1: 2.10 | B1: APPLICATION HARDENING
A2: CONTROL INFORMATION
A3: CONTROL OBJECTIVE Reduce the attack surface of Swift-related components by performing application hardening on the Swift-compatible messaging and communication interfaces, the Swift connector and related applications.
A4: IN-SCOPE COMPONENTS | C4: RISK DRIVERS
A5: • Messaging interface | C5: • Excess attack surface
A6: • Communication interface | C6: • Exploitation of insecure application configuration
A7: • GUI
A8: • SwiftNet Link
A9: • Swift connector
A10: CONTROL STATEMENT All messaging interfaces and communication interfaces products within the Swift secure zone are Swift compatible. Application Security hardening is conducted and maintained on all in-scope components.
A11: CONTROL CONTEXT Application hardening applies the security concept of “least privilege” to an application by disabling features and services that are not required for normal operations. This process reduces the application capabilities, features, and protocols that may be used during an attack. The process also makes sure that potential default credentials are changed. In addition, Swift runs a Compatible Interface Programme to make sure interfaces are aligned with current practices and to give the customer additional assurance, guarantees, and better visibility regarding individual product capabilities. Upon the successful validation of the test results by the Swift Test Authority, the interface is published in the Compatible Register. As per the Swift General Terms and Conditions, customers must use a Swift-compatible interface.
A12: ASSESSMENT RESULTS
A13: Implementation Guideline-Level Detail
A14: Assessors should use a risk based approach to assess the user’s compliance with the CSP control; i.e. assess the security goal, regardless of the implementation method used (be it the suggested guidelines or alternatives). As such, to comply with a CSP security control, users must implement a solution that: (i)Meets the stated control objective, (ii) Addresses the risks and (iii) Covers the documented in-scope components relevant for the user’s architecture. The control statement is a suggested mean to fulfil the control objective and the implementation guidelines are common methods for implementing the control. Even if guidelines can be a good way to start an assessment, the implementation guidance section should never be considered as an "audit checklist" as each user’s implementation may vary. Therefore, in the case that some implementation guidelines elements are not present or partially covered, mitigations as well as particular environment specificities have to be taken into account to properly assess the overall compliance adherence level (again, as per the suggested guidelines or as per alternatives).
A15: Guideline | B15: Has the user adequately reduced the attack surface of Swift-related components by performing application hardening on the Swift-certified messaging and communication interfaces and related applications?
B16: <Observations & response justification - address all subordinate implementation details as documented in the CSCF>
B17: Has the user employed an alternative implementation approach?
B18: <Alternative guideline implementation approach and details>
A19: Summary
A20: Overall Control Disposition | D20: =IF(OR('User Data'!B4="B",'User Data'!B4="A4"),"Not Applicable",IF(D15="","TBD",IF(OR(D15="Yes",D15="N/A"),"In Place","Not in Place"))) -> Not Applicable
A21: Recommendations
A22: <Recommendations for security enhancements / improvements>

Sheet 3.1
A1: 3.1 | B1: PHYSICAL SECURITY
A2: CONTROL INFORMATION
A3: CONTROL OBJECTIVE Prevent unauthorized physical access to sensitive equipment, workplace environments, hosting sites, and storage.
A4: IN-SCOPE COMPONENTS | C4: RISK DRIVERS
A5: • Dedicated and general-purpose operator PC including removable equipment
A6: • Jump server | C6: • Lack of traceability
A7: • on-premises or remote (hosted or operated by a third party, or both) hardware, including HSM, hosting a Swift-related component (including interface, GUI, Swift and customer connectors) | C7: • Unauthorized physical access
A8: • [Advisory: on-premises or remote (that is hosted or operated by a third party, or both) hardware, hosting a customer client connector]
A9: • on-pemises or remote (hosted or operated by a third party, or both) hardware supporting virtualisation or cloud platform and hosting Swift-related VMs
A10: • [Advisory: bridging servers (such as middleware or file transfer servers other than customer connectors) used for and guardian of the secure data exchange between back-office and Swift-related components]
A11: • Alliance Connect SRX VPN boxes and Alliance Connect Virtual VPN instances
A12: Note: Alliance Connect SRX VPN boxes and Alliance Connect Virtual VPN instances (hosting systems or machines) must also be in an environment with appropriate physical controls as described below.
A13: CONTROL STATEMENT Physical security controls are in place to protect access to sensitive equipment, hosting sites, and storage.
A14: CONTROL CONTEXT Implementing physical security controls protects against insider and external threats, and reduces opportunistic attacks enabled by access to physical systems.
A15: ASSESSMENT RESULTS
A16: Implementation Guideline-Level Detail
A17: Assessors should use a risk based approach to assess the user’s compliance with the CSP control; i.e. assess the security goal, regardless of the implementation method used (be it the suggested guidelines or alternatives). As such, to comply with a CSP security control, users must implement a solution that: (i)Meets the stated control objective, (ii) Addresses the risks and (iii) Covers the documented in-scope components relevant for the user’s architecture. The control statement is a suggested mean to fulfil the control objective and the implementation guidelines are common methods for implementing the control. Even if guidelines can be a good way to start an assessment, the implementation guidance section should never be considered as an "audit checklist" as each user’s implementation may vary. Therefore, in the case that some implementation guidelines elements are not present or partially covered, mitigations as well as particular environment specificities have to be taken into account to properly assess the overall compliance adherence level (again, as per the suggested guidelines or as per alternatives).
A18: Guideline | B18: Has the user prevented unauthorized physical access to sensitive equipment, workplace environments, hosting sites, and storage? | D18: Yes
B19: <Observations & response justification - address all subordinate implementation details as documented in the CSCF> ABCUK has defined a Physical Security Policy (refer to evidence ABCUK-POL-ALL-023 - Physical Security Policy.pdf) that was last reviewed in August 2025. Physical access is controlled on the building using ID cards by the security team. Visitors are escorted at all times and logs are retained for 12 months. Review of evidence (refer to IT Helpdesk - Leaver.pdf), related to Joiner, Leaver & Mover (JML) process demonstrated that access for an employee leaving was followed for revoking access by the system owners. User entitlement review is carried out quarterly that was prepared and approved by 2 individuals managing the team. A CCTV Policy exists for ABCUK (refer to CCTV Policy.pdf), CCTV records are stored for 30 days by the building management company A UK Ltd. Operator PC's are located in a secure environment. This area is restricted to authorised personnel only. Printers used for SWIFT purposes are isolated and used only for SWIFT and are in a secured location. Only the operations team has access to the area using a digital key. Remote access to ABCUK systems requires VPN connection for accessing enterprise level access. All employees of ABCUK use corporate secure network to logon to the bank's network through VPN. Employees are trained on ensuring security while working at home through security training programme. All new starters go through Cyber Security Program as part of induction and on boarding. There are no physical devices such as USB, 3s Keys in use by the operators. Operator PC and jump servers are located in separate domains. Servers are racked and mounted in DCs a service provided by Frontier Technology Limited (an EKCO Company). Operator PC do not have USB enabled and also have DLP protection (refer to evidence Screenshot of Frocepoint.png) and to unlock a USB port change control approval is required. ABCUK data is protected through data classification (refer to evidence Sample Implemented Data Classification.png. ABCUK is ISO27001:2022 certified, the audit was conducted by an external third party auditors, (refer to evidence Audit Summary Report _ The Brish Assessment Bureau.pdf, section A7.14 Secure disposal or re-use of equipment). Media & Hardware Disposal Standards and Procedures documents exist for disposal of magnetic, optical and print media and hardware equipment etc. All media and equipment is required to be disposed as per the respective policy and any deviation requires CTO or Cyber Security and Compliance Director approval. Media & hardware destruction is outsourced to a third party, EOL IT Ltd, a specialist company for media disposal adhering to the agreement terms. Datacenters (two) are managed by a third party - ZYX Technology Limited. Contractual obligations along with SLA's are in place to control physical access to these servers. Logs for entry and exit are maintained and retained for 12 months. 24 by 7 surveillance using CCTV camera's along with IR sensors is kept and recordings stored for 3 months.
B20: Has the user employed an alternative implementation approach? | D20: No
B21: <Alternative guideline implementation approach and details>
A22: Summary
A23: Overall Control Disposition | D23: =IF(D18="","TBD",IF(OR(D18="Yes",D18="N/A"),"In Place","Not in Place")) -> In Place
A24: Recommendations
A25: <Recommendations for security enhancements / improvements>

Sheet 4.1
A1: 4.1 | B1: PASSWORD POLICY
A2: CONTROL INFORMATION
A3: CONTROL OBJECTIVE Ensure passwords are sufficiently resistant against common password attacks by implementing and enforcing an effective password policy.
A4: IN-SCOPE COMPONENTS | C4: RISK DRIVERS
A5: Passwords defined on the following components:
A6: • dedicated and general-purpose operator PCs and when used jump server | C6: • Password cracking, guessing, or other computational compromise
A7: • jump server
A8: • Swift-related components (including interfaces, GUI, Swift and customer connectors, new HSM)
A9: • [Advisory: customer client connector]
A10: • systems hosting Swift-related components
A11: • network devices protecting the secure zone
A12: • on-premises or remote (hosted and/or operated by a third party) virtualisation or cloud platform hosting Swift-related VM’s and their management PCs
A13: • [Advisory:bridging servers (such as middleware or file transfer servers other than customer connectors used for and guardian of the data exchange between back-office and Swift-related components]
A14: • Personal tokens and personal mobile devices used as possession factor for multi-factor authentication (considered as software tokens) (see control 4.2)
A15: CONTROL STATEMENT All application and operating system accounts enforce passwords with appropriate parameters such as length, complexity, validity, and the number of failed log-in attempts. Similarly, personal tokens and mobile devices enforce passwords or Personal Identification Number (PIN) with appropriate parameters.
A16: CONTROL CONTEXT Implementing a password policy that protects against common password attacks (for example, guessing and brute force) is effective for protecting against account compromise. Attackers often use the privileges of a compromised account to move laterally within an environment and progress the attack. Another risk is the compromise of local authentication keys to tamper with the integrity of transactions. It is however important to recognise that passwords alone are generally not sufficient in the current cyber threat landscape. Users should consider this control in close relationship with the multifactor authentication requirement.
A17: ASSESSMENT RESULTS
A18: Implementation Guideline-Level Detail
A19: Assessors should use a risk based approach to assess the user’s compliance with the CSP control; i.e. assess the security goal, regardless of the implementation method used (be it the suggested guidelines or alternatives). As such, to comply with a CSP security control, users must implement a solution that: (i)Meets the stated control objective, (ii) Addresses the risks and (iii) Covers the documented in-scope components relevant for the user’s architecture. The control statement is a suggested mean to fulfil the control objective and the implementation guidelines are common methods for implementing the control. Even if guidelines can be a good way to start an assessment, the implementation guidance section should never be considered as an "audit checklist" as each user’s implementation may vary. Therefore, in the case that some implementation guidelines elements are not present or partially covered, mitigations as well as particular environment specificities have to be taken into account to properly assess the overall compliance adherence level (again, as per the suggested guidelines or as per alternatives).
A20: Guideline | B20: Has the user ensured passwords are sufficiently resistant against common password attacks by implementing and enforcing an effective password policy? | D20: Yes
B21: <Observations & response justification - address all subordinate implementation details as documented in the CSCF> ABCUK has demonstrated via screenshot evidence provided that a password policy is implemented using the Active Directory and changes are pushed to devices using the GPO. The SWIFT applications and passwords are configured in line with SWIFT guidelines by the service bureau. Review of evidence Screenshot 1.3 1.4 1.5 4.2 demonstrated that 2FA authentication is enabled for SWIFT messaging interface provided by Service Bureau. Active Directory password configuration is in place, refer to 4.1 - AD GPO Password Configuration.png, the evidence demonstrates that password policy is used for enforcing complexity and length through the organisation vis the Active Directory and pused using the GPO. Passwords are required to be changed after 90 days otherwise the account is locked out. Passwords are encrypted while stored and transmitted and are not displayed. There are no provisions of hardcoded password in scripts, user manual, procedures (operational) or knowledge base document. Accounts are locked‐out after 3 failed attempts.
B22: Has the user employed an alternative implementation approach? | D22: No
B23: <Alternative guideline implementation approach and details>
A24: Summary
A25: Overall Control Disposition | D25: =IF(D20="","TBD",IF(OR(D20="Yes",D20="N/A"),"In Place","Not in Place")) -> In Place
A26: Recommendations
A27: <Recommendations for security enhancements / improvements>

Sheet 4.2
A1: 4.2 | B1: MULTI-FACTOR AUTHENTICATION
A2: CONTROL INFORMATION
A3: CONTROL OBJECTIVE Prevent that a compromise of a single authentication factor allows access into Swift-related systems or applications by implementing multi-factor authentication
A4: IN-SCOPE COMPONENTS | C4: RISK DRIVERS
A5: • Dedicated Operator PC log-in | C5: • Credential replay
A6: • access to jump server and to new HSM | C6: • Password cracking, guessing, or other computational compromise
A7: • login process to the messaging interface (including a related hosted database), communication interface, Swift and customer connector (including a related hosted database) or a Swift connectivity provider or outsourcing agent Swift-related application. | C7: • Password theft
A8: • login process to (operating) systems hosting the messaging interface (including a hosted database), Swift and customer connector (including a related hosted database) and communication interface or a Swift connectivity provider or outsourcing agent Swift-related application.
A9: • [Advisory: login process to the customer client connector or to the (operating) system hosting the customer connector client]
A10: • Access to the remote Swift infrastructure (hosted and/or operated by a third party)
A11: CONTROL STATEMENT Multi-factor authentication is used for interactive user access to Swift-related components or applications and operating system accounts.
A12: CONTROL CONTEXT Multi-factor authentication requires the presentation of two or more of the below mentioned common authentication factors: • Knowledge factor (something the operator knows), typically, a password. • possession factor: something the operator has (for example, connected USB tokens or smart cards, or disconnected tokens such as a (time based) one-time password- (T)OTP- generator or application storing a cryptographic private key that runs on another device like operator’s mobile phone considered as a software token, RSA token, 3-Skey Digital and its mobile version considered as a software token, or Digipass) • Inherence factor (something the operator is), typically, biometrics such as fingerprint, retina scans or voice recognition. Implementing multi-factor authentication provides an additional layer of protection against common authentication attacks (for example, shoulder surfing, password re-use, or weak passwords) and provides further protection from account compromise for malicious transaction processing. Attackers often use the privileges of a compromised account to move laterally within an environment and progress an attack.
A13: ASSESSMENT RESULTS
A14: Implementation Guideline-Level Detail
A15: Assessors should use a risk based approach to assess the user’s compliance with the CSP control; i.e. assess the security goal, regardless of the implementation method used (be it the suggested guidelines or alternatives). As such, to comply with a CSP security control, users must implement a solution that: (i)Meets the stated control objective, (ii) Addresses the risks and (iii) Covers the documented in-scope components relevant for the user’s architecture. The control statement is a suggested mean to fulfil the control objective and the implementation guidelines are common methods for implementing the control. Even if guidelines can be a good way to start an assessment, the implementation guidance section should never be considered as an "audit checklist" as each user’s implementation may vary. Therefore, in the case that some implementation guidelines elements are not present or partially covered, mitigations as well as particular environment specificities have to be taken into account to properly assess the overall compliance adherence level (again, as per the suggeste guidelines or as per alternatives).
A16: Guideline | B16: Has the user prevented that a compromise of a single authentication factor allows access into Swift systems, by implementing multi-factor authentication? | D16: Yes
B17: <Observations & response justification - address all subordinate implementation details as documented in the CSCF> ABCUK Swift operators access to Swift messaging interface, Fusion Total Messaging system, is through a graphical user interface (GUI) provided by Service Bureau service bureau. Access to the GUI requires password and second Factor Authentication, refer to evidence Screenshot 1.3 1.4 1.5 4.2, both password and One-Time code is required to access the application. . Remote users of SWIFT environment access the GUI through Citrix XenApp that requires 2FA and then use the mechanism implemented by the service provider for accessing the Swift messaging system.
B18: Has the user employed an alternative implementation approach? | D18: No
B19: <Alternative guideline implementation approach and details>
A20: Summary
A21: Overall Control Disposition | D21: =IF(D16="","TBD",IF(OR(D16="Yes",D16="N/A"),"In Place","Not in Place")) -> In Place
A22: Recommendations
A23: <Recommendations for security enhancements / improvements>

Sheet 5.1
A1: 5.1 | B1: LOGICAL ACCESS CONTROL
A2: CONTROL INFORMATION
A3: CONTROL OBJECTIVE Enforce the security principles of need-to-know access, least privilege, and separation of duties for operator accounts.
A4: IN-SCOPE COMPONENTS | C4: RISK DRIVERS
A5: User, operator or management accounts defined on the following components: | C5: • Excess privilege or access
A6: • on-premises or remote virtualisation or cloud platform and their management PCs, hosting Swift-related VMs and , on those VMs themselves | C6: • separation of duty violations
A7: • Jump Server | C7: • Unauthorized access
A8: • dedicated operator PCs | C8: • HSM management misused
A9: • operating systems hosting interfaces, GUI, Swift and customer connectors, Swift connectivity provider or outsourcing agent Swift-related, applications
A10: • interfaces, GUI, connectors or Swift connectivity provider or outsourcing agent Swift-related applications
A11: • [Advisory: customer client connector and the operating system hosting it]
A12: • HSM
A13: • network devices protecting the secure zone
A14: • SwiftNet Online Operations Manager (O2M) on Swift.com
A15: • [Advisory: All operator accounts on the bridging servers (such as middleware or file transfer servers other than customer connectors used for and guardian of the data exchange between back-office and Swift-related components] Note: Sharing/reusing credentials and roles/entitlements (accounts) for business transactions on other systems or components used for ancillary services will turn those systems or components in scope of the CSCF controls.
A16: CONTROL STATEMENT Accounts are defined according to the security principles of need-to-know access, least privilege, and separation of duties.
A17: CONTROL CONTEXT Applying the security principles of (1) need-to-know, (2) least privilege, and (3) separation of duties is essential to restricting access to the user's Swift infrastructure. Effective management of operator accounts reduces the opportunities for a malicious person to use accounts as part of an attack.
A18: ASSESSMENT RESULTS
A19: Implementation Guideline-Level Detail
A20: Assessors should use a risk based approach to assess the user’s compliance with the CSP control; i.e. assess the security goal, regardless of the implementation method used (be it the suggested guidelines or alternatives). As such, to comply with a CSP security control, users must implement a solution that: (i)Meets the stated control objective, (ii) Addresses the risks and (iii) Covers the documented in-scope components relevant for the user’s architecture. The control statement is a suggested mean to fulfil the control objective and the implementation guidelines are common methods for implementing the control. Even if guidelines can be a good way to start an assessment, the implementation guidance section should never be considered as an "audit checklist" as each user’s implementation may vary. Therefore, in the case that some implementation guidelines elements are not present or partially covered, mitigations as well as particular environment specificities have to be taken into account to properly assess the overall compliance adherence level (again, as per the suggested guidelines or as per alternatives).
A21: Guideline | B21: Has the user enforced the security principles of need-to-know access, least privilege, and separation of duties for operator accounts? | D21: Yes
B22: <Observations & response justification - address all subordinate implementation details as documented in the CSCF> ABCUK has an Access Control Policy, the policy was last approved in August 2025, that describes the controls as access authorisation, role based access, prohibiting excessive access, third party accounts and control mechanism to be used. Role based access controls are used on a need to know basis and is reviewed periodically. Role profiles for SWIFT operators are set up on need and least privilege basis. Segregation of Duty(SoD) is implemented such as the same operator cannot verify and authorise the messages. Duties are segregated as per: vendor guidance; business operating model; roles for security officers (LSO & RSO/ primary/ secondary). There is no payment message keying in capability for the SWIFT operators through message interface, the action taken are to verify or approve the payments that are transmitted from backend connection BCDs. BCD payments are keyed in by the respected teams under 4 eye principal and dual authorisation. Operator accounts are setup with profiles enforcing SoD same person cannot verify and authorise a payment within the messaging interface. User Entitlement Review is carried out on quarterly basis and account revocation is taken care of using the off-boarding procedures refer to evidence IT Helpdsk - Joiner.pdf, IT Helpdsk - Leaver.pdf and IT Helpdsk - Mover.pdf. Process for personnel role change exists, managers are required to take action in transfer of duties.
B23: Has the user employed an alternative implementation approach? | D23: No
B24: <Alternative guideline implementation approach and details>
A25: Summary
A26: Overall Control Disposition | D26: =IF(D21="","TBD",IF(OR(D21="Yes",D21="N/A"),"In Place","Not in Place")) -> In Place
A27: Recommendations
A28: <Recommendations for security enhancements / improvements>

Sheet 5.2
A1: 5.2 | B1: TOKEN MANAGEMENT
A2: CONTROL INFORMATION
A3: CONTROL OBJECTIVE Ensure the proper management, tracking, and use of connected and disconnected hardware authentication or personal and software tokens (when tokens are used).
A4: IN-SCOPE COMPONENTS | C4: RISK DRIVERS
A5: • Connected and disconnected hardware authentication or personal tokens used for Swift operations or secure zone access | C5: • Authentication token theft
A6: • software tokens used as second authentication factor (when explicitly identified for their assignment and management in support of control 4.2)
A7: • PIN Entry Device (PED) used for HSM operations | C7: • Lack of traceability
C8: • HSM management misused
A9: CONTROL STATEMENT Connected and disconnected hardware authentication or personal tokens are managed appropriately during assignment, distribution, revocation, use, and storage.
A10: CONTROL CONTEXT The protection of connected and disconnected hardware authentication, personal tokens or software tokens is essential to safeguarding the related operator or system account and reinforces good security practice, providing an additional layer of protection from attackers.
A11: ASSESSMENT RESULTS
A12: Implementation Guideline-Level Detail
A13: Assessors should use a risk based approach to assess the user’s compliance with the CSP control; i.e. assess the security goal, regardless of the implementation method used (be it the suggested guidelines or alternatives). As such, to comply with a CSP security control, users must implement a solution that: (i)Meets the stated control objective, (ii) Addresses the risks and (iii) Covers the documented in-scope components relevant for the user’s architecture. The control statement is a suggested mean to fulfil the control objective and the implementation guidelines are common methods for implementing the control. Even if guidelines can be a good way to start an assessment, the implementation guidance section should never be considered as an "audit checklist" as each user’s implementation may vary. Therefore, in the case that some implementation guidelines elements are not present or partially covered, mitigations as well as particular environment specificities have to be taken into account to properly assess the overall compliance adherence level (again, as per the suggested guidelines or as per alternatives).
A14: Guideline | B14: Has the user ensured the proper management, tracking, and use of connected and disconnected hardware authentication tokens (when tokens are used)? | D14: Yes
B15: <Observations & response justification - address all subordinate implementation details as documented in the CSCF> Inquiry with management of ABCUK concluded that physical tokens are not in use for the bank. The maintenance and operation of HSM devices is carried out by the bureau service, Service Bureau. Remote PC operators use Microsoft two factor authentication (2FA) for one-time password code. Remote operators then logon to SWIFT messaging interface, via GUI, hosted by third party that requires further authentication of password and One-Time Code (refer to evidence Screenshot 1.3 1.4 1.5 4.2.xlsx).
B16: Has the user employed an alternative implementation approach? | D16: No
B17: <Alternative guideline implementation approach and details>
A18: Summary
A19: Overall Control Disposition | D19: =IF(D14="","TBD",IF(OR(D14="Yes",D14="N/A"),"In Place","Not in Place")) -> In Place
A20: Recommendations
A21: <Recommendations for security enhancements / improvements>

Sheet 5.4
A1: 5.4 | B1: PASSWORD REPOSITORY PROTECTION
A2: CONTROL INFORMATION
A3: CONTROL OBJECTIVE Protect physically and logically the repository of recorded passwords.
A4: IN-SCOPE COMPONENTS | C4: RISK DRIVERS
A5: Repository recording accounts and passwords defined on the following components: | C5: • Password theft
A6: • Dedicated and general-purpose operator PC
A7: • jump server
A8: • Swift-related components (including interfaces, GUI, Swift and customer connectors)
A9: • [Advisory: customer client connector]
A10: • systems or virtual machines hosting Swift-related components
A11: • HSM and related tokens
A12: • network devices components protecting the secure zone
A13: • on-premises or remote (hosted and/or operated by a third party) virtualisation or cloud platform hosting Swift-related VM’s
A14: • [Advisory: bridging servers (such as middleware or file transfer servers other than customer connectors used for data exchange between back-office and Swift-related components
A15: • SwiftNet Online Operations Manager (O2M) and Swift.com
A16: CONTROL STATEMENT Recorded passwords are stored in a protected physical or logical location, with access restricted on a need-to-know basis.
A17: CONTROL CONTEXT The secure storage of recorded passwords (repository) ensures that passwords are not easily accessible to others, thereby protecting against simple password theft. Common unsecure methods include (unexhaustive list): recording passwords in a spreadsheet or a text document saved in clear on a desktop or in a shared directory or a server, saved in a mobile phone, written/printed on a post-it or a leaflet. This control covers the storage of emergency, privileged or any other account passwords. All accounts have to be considered because (i) combination of compromised not privileged accounts can be damageable, such as transaction creator account and approver account (ii) even monitoring accounts provide valuable information during the reconnaissance time. This control covers the storage of emergency, privileged or any other account passwords.
... A20: Assessors should use a risk based approach to assess the user’s compliance with the CSP control; i.e. assess the security goal, regardless of the implementation method used (be it the suggested guidelines or alternatives). As such, to comply with a CSP security control, users must implement a solution that: (i)Meets the stated control objective, (ii) Addresses the risks and (iii) Covers the documented in-scope components relevant for the user’s architecture. The control statement is a suggested mean to fulfil the control objective and the implementation guidelines are common methods for implementing the control. Even if guidelines can be a good way to start an assessment, the implementation guidance section should never be considered as an "audit checklist" as each user’s implementation may vary. Therefore, in the case that some implementation guidelines elements are not present or partially covered, mitigations as well as particular environment specificities have to be taken into account to properly assess the overall compliance adherence level (again, as per the suggested guidelines or as per alternatives).
A21: Guideline | B21: Has the user adequately protected physically and logically recorded passwords? | D21: Yes
B22: <Observations & response justification - address all subordinate implementation details as documented in the CSCF> ABCUK defined Access Control Policy, last reviewed in August 2025, that requires passwords to be stored using password managers. The policy states that passwords are not permitted to be written down, passwords to be encrypted at rest or when transmitted (see other related controls for Active Directory use). Inquiry with ABCUK management concluded that the passwords were not hardcoded or kept in scripts, user manual procedures or in any knowledge base document.
B23: Has the user employed an alternative implementation approach? | D23: No
B24: <Alternative guideline implementation approach and details>
A25: Summary
A26: Overall Control Disposition | D26: =IF(D21="","TBD",IF(OR(D21="Yes",D21="N/A"),"In Place","Not in Place")) -> In Place
A27: Recommendations
A28: <Recommendations for security enhancements / improvements>

Sheet 6.1
A1: 6.1 | B1: MALWARE PROTECTION
A2: CONTROL INFORMATION
A3: CONTROL OBJECTIVE Ensure that the user's Swift infrastructure is protected against malware and act upon results.
A4: IN-SCOPE COMPONENTS | C4: RISK DRIVERS
A5: Anti-malware software is implemented on Windows operating systems of the below components: | C5: • Execution of malicious code
A6: • Dedicated and general-purpose operator PC | C6: • Exploitation of known security vulnerabilities
A7: • jump server
A8: • Management PCs of an on-premises or remote (hosted and/or operated by a third party) Virtualisation or cloud platform
A9: • systems hosting a Swift-related component (including interface, GUI, Swift or customer connector
A10: • [Advisory: system hosting a customer client connector]
A11: • [Advisory: bridging servers (such as middleware or file transfer servers other than customer connectors used for data exchange between back-office and Swift-related components]
A12: CONTROL STATEMENT Anti-malware software from a reputable vendor is installed, kept up-to-date on all systems, and results are considered for appropriate resolving actions.
A13: CONTROL CONTEXT Malware is a general term that includes many types of intrusive and unwanted software, including viruses. Anti-malware technology (a broader term for anti-virus) or other endpoint protection mechanisms are effective in protecting against malicious code.
A14: ASSESSMENT RESULTS
A15: Implementation Guideline-Level Detail
A16: Assessors should use a risk based approach to assess the user’s compliance with the CSP control; i.e. assess the security goal, regardless of the implementation method used (be it the suggested guidelines or alternatives). As such, to comply with a CSP security control, users must implement a solution that: (i)Meets the stated control objective, (ii) Addresses the risks and (iii) Covers the documented in-scope components relevant for the user’s architecture. The control statement is a suggested mean to fulfil the control objective and the implementation guidelines are common methods for implementing the control. Even if guidelines can be a good way to start an assessment, the implementation guidance section should never be considered as an "audit checklist" as each user’s implementation may vary. Therefore, in the case that some implementation guidelines elements are not present or partially covered, mitigations as well as particular environment specificities have to be taken into account to properly assess the overall compliance adherence level (again, as per the suggested guidelines or as per alternatives).
A17: Guideline | B17: Has the user ensured that local Swift infrastructure is protected against malware? | D17: Yes
B18: <Observations & response justification - address all subordinate implementation details as documented in the CSCF> ABCUK's Vulnerability Management Policy defines an Anti-Malware solution to be present and procured through a reputable authorised vendor. The policy was last reviewed in August 2025. ABCUK has deployed Sophos Intercept X (Sophos) for malware protection. Malware scans are scheduled for a daily run and background scanning is performed live. Vendor recommended settings are followed throughout and change management and config management is maintained. Daily scans include all drives including shared, executables, libs and scripts and dll files on the PC. The Sophos a full scan is configured to scan on a weekly basis. Scanning is configured to run on all files on the PC. The tool is tied to incident detection and response, that is capable of alerting when a potential unwanted application or file is detected and incident response kicks in.
B19: Has the user employed an alternative implementation approach? | D19: No
B20: <Alternative guideline implementation approach and details>
A21: Summary
A22: Overall Control Disposition | D22: =IF(D17="","TBD",IF(OR(D17="Yes",D17="N/A"),"In Place","Not in Place")) -> In Place
A23: Recommendations
A24: <Recommendations for security enhancements / improvements>

Sheet 6.2
A1: 6.2 (Advisory for A4) | B1: SOFTWARE INTEGRITY
A2: CONTROL INFORMATION
A3: CONTROL OBJECTIVE Ensure the software integrity of the Swift-related components and act upon result
A4: IN-SCOPE COMPONENTS | C4: RISK DRIVERS
A5: • Swift connector | C5: • Unauthorized system changes
A6: • GUI to the messaging and communication interface | C6: • HSM management misused
A7: • messaging interface
A8: • communication interface
A9: • Local RMA
A10: • SNL
A11: • New HSM (only for the checking of the firmware update)
A12: • [Advisory: Customer client connector]
A13: CONTROL STATEMENT A software integrity check is performed at regular intervals on messaging interface, communication interface, and other Swift-related components and results are considered for appropriate resolving actions. Origin and integrity of the software is ensured at download and at deployment time.
A14: CONTROL CONTEXT Software integrity checks provide a detective control against unexpected modification to operational software.
A15: ASSESSMENT RESULTS
A16: Implementation Guideline-Level Detail
A17: Assessors should use a risk based approach to assess the user’s compliance with the CSP control; i.e. assess the security goal, regardless of the implementation method used (be it the suggested guidelines or alternatives). As such, to comply with a CSP security control, users must implement a solution that: (i)Meets the stated control objective, (ii) Addresses the risks and (iii) Covers the documented in-scope components relevant for the user’s architecture. The control statement is a suggested mean to fulfil the control objective and the implementation guidelines are common methods for implementing the control. Even if guidelines can be a good way to start an assessment, the implementation guidance section should never be considered as an "audit checklist" as each user’s implementation may vary. Therefore, in the case that some implementation guidelines elements are not present or partially covered, mitigations as well as particular environment specificities have to be taken into account to properly assess the overall compliance adherence level (again, as per the suggeste guidelines or as per alternatives).
A18: Guideline | B18: Has the user ensured the software integrity of the Swift-related components? | D18: Yes
B19: <Observations & response justification - address all subordinate implementation details as documented in the CSCF>
B20: Has the user employed an alternative implementation approach?
B21: <Alternative guideline implementation approach and details>
A22: Summary
A23: Overall Control Disposition | D23: =IF('User Data'!B4="B","Not Applicable",IF(D18="","TBD",IF(OR(D18="Yes",D18="N/A"),"In Place","Not in Place"))) -> In Place
A24: Recommendations
A25: <Recommendations for security enhancements / improvements>

Sheet 6.3
A1: 6.3 (Advisory for A4) | B1: DATABASE INTEGRITY
A2: CONTROL INFORMATION
A3: CONTROL OBJECTIVE Ensure the integrity of the database records for the Swift messaging interface or the customer connector and act upon results
A4: IN-SCOPE COMPONENTS | C4: RISK DRIVERS
A5: • databases for messaging interface products, including a related hosted database • [Advisory: databases for customer (client) connector, including a related hosted database] Note: this requirement is not applicable for Architecture A1 if the infrastructure does not include a messaging interface and for Architecture A4 if there is no database linked to the customer (client) connector. | C5: • Loss of sensitive data integrity
A6: CONTROL STATEMENT A database integrity check is performed at regular intervals on databases that record transactions and results are considered for appropriate resolving action.
A7: CONTROL CONTEXT Database integrity checks provide a detective control against unexpected modification to records stored within the database.
A8: ASSESSMENT RESULTS
A9: Implementation Guideline-Level Detail
A10: Assessors should use a risk based approach to assess the user’s compliance with the CSP control; i.e. assess the security goal, regardless of the implementation method used (be it the suggested guidelines or alternatives). As such, to comply with a CSP security control, users must implement a solution that: (i)Meets the stated control objective, (ii) Addresses the risks and (iii) Covers the documented in-scope components relevant for the user’s architecture. The control statement is a suggested mean to fulfil the control objective and the implementation guidelines are common methods for implementing the control. Even if guidelines can be a good way to start an assessment, the implementation guidance section should never be considered as an "audit checklist" as each user’s implementation may vary. Therefore, in the case that some implementation guidelines elements are not present or partially covered, mitigations as well as particular environment specificities have to be taken into account to properly assess the overall compliance adherence level (again, as per the suggested guidelines or as per alternatives).
A11: Guideline | B11: Has the user ensured the integrity of the database records for the Swift messaging interface?
B12: <Observations & response justification - address all subordinate implementation details as documented in the CSCF>
B13: Has the user employed an alternative implementation approach?
B14: <Alternative guideline implementation approach and details>
A15: Summary
A16: Overall Control Disposition | D16: =IF(OR('User Data'!B4="B",'User Data'!B4="A3"),"Not Applicable",IF(D11="","TBD",IF(OR(D11="Yes",D11="N/A"),"In Place","Not in Place"))) -> TBD
A17: Recommendations
A18: <Recommendations for security enhancements / improvements>

Sheet 6.4
A1: 6.4 | B1: LOGGING AND MONITORING
A2: CONTROL INFORMATION
A3: CONTROL OBJECTIVE Record security events, detect and respond to anomalous actions and operations within the user's Swift environment.
A4: IN-SCOPE COMPONENTS | C4: RISK DRIVERS
A5: • Data exchange layer: network | C5: • Lack of traceability
A6: • Operating system of a dedicated and general-purpose operator PC | C6: • Undetected anomalies or suspicious activity
A7: • jump server
A8: • Swift-related components (including interfaces, GUI, Swift and customer connectors)
A9: • [Advisory: customer client connector]
A10: • systems or virtual machines hosting Swift-related components
A11: • network devices protecting the secure zone and HSM
A12: • database linked to a messaging interface or a customer connector
A13: • authentication or authorisation servers, or both, controlling accesses to the secure zone
A14: • on-premises or remote (hosted and/or operated by a third party) virtualisation or cloud platform hosting Swift-relatedVM’s
A15: • [Advisory:bridging servers (such as middleware or file transfer servers other than customer connectors used for and guardian of the secure data exchange between back-office and Swift-related components]
A16: CONTROL STATEMENT Capabilities to detect anomalous activity are implemented, and a process or tool is in place to frequently store and review logs.
A17: CONTROL CONTEXT Developing a logging and monitoring plan is the basis of effectively detecting abnormal behaviour and potential attacks. As the operational environment becomes more complex, so will the logging and monitoring capability needed to perform adequate detection. Simplifying the operational environment will enable more straightforward logging and monitoring.
A18: ASSESSMENT RESULTS
... A20: Assessors should use a risk based approach to assess the user’s compliance with the CSP control; i.e. assess the security goal, regardless of the implementation method used (be it the suggested guidelines or alternatives). As such, to comply with a CSP security control, users must implement a solution that: (i)Meets the stated control objective, (ii) Addresses the risks and (iii) Covers the documented in-scope components relevant for the user’s architecture. The control statement is a suggested mean to fulfil the control objective and the implementation guidelines are common methods for implementing the control. Even if guidelines can be a good way to start an assessment, the implementation guidance section should never be considered as an "audit checklist" as each user’s implementation may vary. Therefore, in the case that some implementation guidelines elements are not present or partially covered, mitigations as well as particular environment specificities have to be taken into account to properly assess the overall compliance adherence level (again, as per the suggested guidelines or as per alternatives).
A21: Guideline | B21: Has the user recorded security events and detected anomalous actions and operations within the local Swift environment? | D21: Yes
B22: <Observations & response justification - address all subordinate implementation details as documented in the CSCF> ABCUK has defined monitoring and altering of all information System Assets as per their Vulnerability Management Policy that was last reviewed in August 2025. Inquiry with management concluded that all logging and monitoring is through a ABCUK's group level tool, Centrify. Event monitoring and logging is managed by 3rd Party, Nettitude, and is configured on all applications and auto ticketed for further intervention and investigation. Severity level of the events drive the category and is triggered using right measures and respective personnel is alerted accordingly through. A Group Policy object (GPO) is maintained by to achieve the security settings (detailing Global & Inbound & Outbound rules), Any incidents with higher priority (P1 & P2) are dealt with in conjunction with the operations team and management following ABCUK-PRC-ALL-012 - Incident Response Procedure as appropriate using Change Management process. Access to the secure zone is logged and is granted through control process and any alerting is raised via email for action as well as dashboard. Application logs are maintained for a 12 month period and protected from compromise through backup. PC, firewall and database audit logs are kept for a 12 month period, in line with the organisation policy. Suspicious log-in activities are alerted for and events are analysed (manually/ automatically) using vendor tool. A statistics/analysis report is provided by the 3rd party security operations centre on monthly basis highlighting any trends or anomalies.
B23: Has the user employed an alternative implementation approach? | D23: No
B24: <Alternative guideline implementation approach and details>
A25: Summary
A26: Overall Control Disposition | D26: =IF(D21="","TBD",IF(OR(D21="Yes",D21="N/A"),"In Place","Not in Place")) -> In Place
A27: Recommendations
A28: <Recommendations for security enhancements / improvements>

Sheet 7.1
A1: 7.1 | B1: CYBER INCIDENT RESPONSE PLANNING
A2: CONTROL INFORMATION
A3: CONTROL OBJECTIVE Ensure a consistent and effective approach for the management of cyber incidents.
A4: IN-SCOPE COMPONENTS | C4: RISK DRIVERS
A5: • Organisational control | C5: • Excess harm from deficient cyber readiness
A6: CONTROL STATEMENT The user has a defined and tested cyber incident response plan.
A7: CONTROL CONTEXT Availability and adequate resilience is of key importance to the business. In this respect, defining and testing a cyber incident response plan is a highly effective way of reducing the impact and duration of a real cyber incident. As lessons are learnt either by testing this plan, or through real incidents, it is essential to apply these learnings and improve the plan. Additionally, planning for the sharing of threat and incident information is critical to assisting the broader financial community in implementing effective protections against cyber attacks.
A8: ASSESSMENT RESULTS
A9: Implementation Guideline-Level Detail
A10: Assessors should use a risk based approach to assess the user’s compliance with the CSP control; i.e. assess the security goal, regardless of the implementation method used (be it the suggested guidelines or alternatives). As such, to comply with a CSP security control, users must implement a solution that: (i)Meets the stated control objective, (ii) Addresses the risks and (iii) Covers the documented in-scope components relevant for the user’s architecture. The control statement is a suggested mean to fulfil the control objective and the implementation guidelines are common methods for implementing the control. Even if guidelines can be a good way to start an assessment, the implementation guidance section should never be considered as an "audit checklist" as each user’s implementation may vary. Therefore, in the case that some implementation guidelines elements are not present or partially covered, mitigations as well as particular environment specificities have to be taken into account to properly assess the overall compliance adherence level (again, as per the suggested guidelines or as per alternatives).
A11: Guideline | B11: Has the user ensured a consistent and effective approach for the management of cyber incidents? | D11: Yes
B12: <Observations & response justification - address all subordinate implementation details as documented in the CSCF> ABCUK has defined an Incident Response Policy that was last reviewed in August 2025. The policy states that it is all employees responsibility to report any incidents arising from cyber threats. ABCUK's Cyber security incident plan (Incident Response Plan.pdf) is comprehensive and mature, that is exercised (annually). The plan has clear process to identify the criticality and classification of the incident and to contain it. It has RACI and includes information on relevant management and departments to be alerted in these events as well as examples of common information security incidents. The plan is signed off by the IT Security Committee. Evidence to show that an external Cyber Security attack exercise was carried by the IS team including third party. The report produced following this event captures the email compromise event. Protection of chain of custody and securing evidence is part of security team's remit. A Business Continuity Plan includes recovery from Cyber Incident and Response as well as Business Continuity. In the event of disaster the Operational resilience plan kicks in and this plan is reviewed annually and tested. The recovery plan is up to date with, Recovery Point Objectives, contacts, third party alternate sites for business continuity, includes new measures such as social distancing as per Government advised measures etc. An emergency test message cascade system called Alert Cascade and Cascade are in use to send out messages that demonstrates that all the relevant members of the organisation can be contacted in an emergency. A procedure for sharing threat information with intelligence sharing organisation, law enforcement or local regulators exists and can be activated should it require. Details of contact points are present in the cyber incident response plan. Phishing exercise is carried out to continue to train ABCUK employees for cyber related threat awareness, refer to Information Security - Incident Report - Phishing Email.docx. Training was provided to incident response team so that individual can respond to incidents in effective manner and appropriate action is carried out to minimise the impact. There is a provision in the security incident plan to preserve forensic evidence and any associated evidences.
B13: Has the user employed an alternative implementation approach? | D13: No
B14: <Alternative guideline implementation approach and details>
A15: Summary
A16: Overall Control Disposition | D16: =IF(D11="","TBD",IF(OR(D11="Yes",D11="N/A"),"In Place","Not in Place")) -> In Place
A17: Recommendations
A18: <Recommendations for security enhancements / improvements>

Sheet 7.2
A1: 7.2 | B1: SECURITY TRAINING AND AWARENESS
A2: CONTROL INFORMATION
A3: CONTROL OBJECTIVE Ensure all staff are aware of and fulfil their security responsibilities by performing regular awareness activities, and maintain security knowledge of staff with privileged access.
A4: IN-SCOPE COMPONENTS | C4: RISK DRIVERS
A5: • All staff (such as employees, agents, consultants and contractors) with access to Swift-related systems (as user or for maintenance or administration) • All staff (such as employees, agents, consultants and contractors) with privileged access to Swift-related systems (for maintenance or administration) | C5: • Increased security risk from improperly trained staff
A6: CONTROL STATEMENT Annual security awareness sessions are conducted for all staff members with access to Swift-related systems. All staff with privileged access maintain knowledge through specific training or learning activities when relevant or appropriate (at management’s discretion)
A7: CONTROL CONTEXT A security training and awareness programme encourages conscious and appropriate security behaviour of employees and administrators, and generally reinforces good security practice. In addition, it is particularly important that privileged access users have and maintain appropriate knowledge and expertise related to their specific environment or architecture.
A8: ASSESSMENT RESULTS
A9: Implementation Guideline-Level Detail
A10: Assessors should use a risk based approach to assess the user’s compliance with the CSP control; i.e. assess the security goal, regardless of the implementation method used (be it the suggested guidelines or alternatives). As such, to comply with a CSP security control, users must implement a solution that: (i)Meets the stated control objective, (ii) Addresses the risks and (iii) Covers the documented in-scope components relevant for the user’s architecture. The control statement is a suggested mean to fulfil the control objective and the implementation guidelines are common methods for implementing the control. Even if guidelines can be a good way to start an assessment, the implementation guidance section should never be considered as an "audit checklist" as each user’s implementation may vary. Therefore, in the case that some implementation guidelines elements are not present or partially covered, mitigations as well as particular environment specificities have to be taken into account to properly assess the overall compliance adherence level (again, as per the suggested guidelines or as per alternatives).
A11: Guideline | B11: Has the user ensured all staff are aware of and fulfil their security responsibilities by performing awareness activities, and maintaining security knowledge of staff with privileged access? | D11: Yes
B12: <Observations & response justification - address all subordinate implementation details as documented in the CSCF> ABCUK provides security training to it's personnel through KnowBe4 (Cyber Security Awareness Training) and Cascade (Compliance training) training partners platform. Intranet based training modules are required for completion by all staff members on a quarterly basis. The training is monitored for completion and individuals who have not completed the required mandatory modules are sent reminders and then followed up by contacting the individual's manager for action. SWIFT operators complete training modules are per ABCUK's requirement. Subject matter experts (SME), have expertise in infrastructure, for any SWIFT related queries SMEs/ IT Team contact Service Bureau, for support. ABCUK system designer and infrastructure team have appreciation of the cyber security and changes has to be authorised by the security team to ensure that the changes to do not introduce any cyber risks. Regular emails for phishing exercise are sent to all users as part of the training methods. Internal Communications team also send emails on regular intervals educating staff on various hacking methods, such as Phishing & Smishing (evidence an email sent out by the Internal Communications team titled: Detecting Phishing Emails & Protection from Smishing Attacks.msg) In order to keep staff current on trending threats and scam targeted campaigns are posted on intranet page on how to stay safe from rising threats and scams e.g. keyless entry car theft on the rise; recent data breaches; social media etc and access to cyber newsletter.
B13: Has the user employed an alternative implementation approach? | D13: No
B14: <Alternative guideline implementation approach and details>
A15: Summary
A16: Overall Control Disposition | D16: =IF(D11="","TBD",IF(OR(D11="Yes",D11="N/A"),"In Place","Not in Place")) -> In Place
A17: Recommendations
A18: <Recommendations for security enhancements / improvements>
